id,contentType,name,nfsSeriesName,description,url,thumbnailUrl,grades,subjectAreas,subjects,curriculumStandardCode,keywords,duration,datePublished,expires,regionsAllowed,Column2,Column4,Column6,Column8,Column10
D0005120411_00000,ばんぐみ,オイラはズビ！コノマチを調べに来たぞ！,コノマチ☆リサーチ,遠い宇宙から“マチ”のひみつを調べにやってきた宇宙人ズビと、その手伝いを頼まれた漫画家ハジメ。2人は民奈野市の調査を始め、方角（東西南北）の重要さを学ぶ。,https://www2.nhk.or.jp/school/watch/bangumi/?das_id=D0005120411_00000,https://www.nhk.or.jp/das/image/D0005120/D0005120411_00000_S_001.jpg,小3,社会,,8220233111000000 8220233112000000 8220233121000000,町調べ 方位 方位磁針 東西南北 地図,PT0H9M60S,2016/4/5 9:20,,,,http://www.wikidata.org/entity/Q23718,http://www.wikidata.org/entity/Q34735,,http://www.wikidata.org/entity/Q4006						
D0005120412_00000,ばんぐみ,コノマチの地図をつくれ！,コノマチ☆リサーチ,ズビとハジメは手始めに近所の地図を作る。ところが、情報を詰め込み過ぎて、分かりづらい地図になってしまった。そんなとき、“地図記号”という便利なものを知る。,https://www2.nhk.or.jp/school/watch/bangumi/?das_id=D0005120412_00000,https://www.nhk.or.jp/das/image/D0005120/D0005120412_00000_S_001.jpg,小3,社会,,8220233111000000 8220233112000000 8220233121000000,町調べ 方位 東西南北 地図 地図記号,PT0H9M60S,2017/4/19 9:20,,,,http://www.wikidata.org/entity/Q23718;,,http://www.wikidata.org/entity/Q4006,http://www.wikidata.org/entity/Q1752004
D0005120413_00000,ばんぐみ,“エキ”のまわりを見たいぞ！,コノマチ☆リサーチ,近所の“駅”を調べることになったズビとハジメ。調べてみると、駅はほかのまちへ移動するための交通の要所であり、その周りには便利な施設がたくさんあることに気付く。,https://www2.nhk.or.jp/school/watch/bangumi/?das_id=D0005120413_00000,https://www.nhk.or.jp/das/image/D0005120/D0005120413_00000_S_001.jpg,小3,社会,,8220233111000000 8220233112000000 8220233121000000,町調べ 駅 電車 バス タクシー,PT0H10M0S,2017/5/10 9:20,,,,http://www.wikidata.org/entity/Q12819564,http://www.wikidata.org/entity/Q483373,https://www.wikidata.org/entity/Q5638,https://www.wikidata.org/entity/Q82650
D0005120414_00000,ばんぐみ,“コーキョーシセツ”ってなんだ？,コノマチ☆リサーチ,今回2人が調べるのは公共（こうきょう）しせつ。地元の人たちが交流を深めたり、楽しくすごしたりしている様子から公共しせつが人々のくらしに役立っていることを学ぶ。,https://www2.nhk.or.jp/school/watch/bangumi/?das_id=D0005120414_00000,https://www.nhk.or.jp/das/image/D0005120/D0005120414_00000_S_001.jpg,小3,社会,,8220233111000000 8220233112000000 8220233121000000,町調べ 公共施設 市役所 まちしらべ こうきょうしせつ,PT0H10M0S,2017/5/24 9:20,,,,http://www.wikidata.org/entity/Q108822337,http://www.wikidata.org/entity/Q1500368,,
D0005120415_00000,ばんぐみ,“カワ”のまわりには何があるんだ？,コノマチ☆リサーチ,今回は上流から下流まで川沿いにまちを探検することに。土地ごとの高低差による特徴や、川の水を生かした田畑の営みなど、具体的な土地利用の分布からまちの地勢をつかむ。,https://www2.nhk.or.jp/school/watch/bangumi/?das_id=D0005120415_00000,https://www.nhk.or.jp/das/image/D0005120/D0005120415_00000_S_001.jpg,小3,社会,,8220233111000000 8220233112000000 8220233121000000,町調べ 川 上流 中流 下流,PT0H10M0S,2017/6/7 9:20,,,,https://www.wikidata.org/entity/Q4022,https://www.wikidata.org/entity/Q2182740,http://www.wikidata.org/entity/Q2089581,http://www.wikidata.org/entity/Q11170300
D0005120416_00000,ばんぐみ,“ミナト”をたんけんしたいぞ！,コノマチ☆リサーチ,河口部にある港や工場、コンテナターミナルなど、さまざまな巨大施設に興味を抱いたズビ。港の土地利用と、海を通じた外国とのつながりを調べる。,https://www2.nhk.or.jp/school/watch/bangumi/?das_id=D0005120416_00000,https://www.nhk.or.jp/das/image/D0005120/D0005120416_00000_S_001.jpg,小3,社会,,8220233111000000 8220233112000000 8220233121000000,町調べ 港 工場 船 製鉄,PT0H10M0S,2017/6/21 9:20,,,,https://www.wikidata.org/entity/Q44782,http://www.wikidata.org/entity/Q83405,http://www.wikidata.org/entity/Q16391167,
D0005120417_00000,ばんぐみ,民奈野市ってどんなマチ？,コノマチ☆リサーチ,調べてきたことを振り返り「民奈野市」全体の特色や魅力をまとめるハジメとズビの姿を通して、情報のまとめ方や、分かりやすく発表するためのコツをつかむ。,https://www2.nhk.or.jp/school/watch/bangumi/?das_id=D0005120417_00000,https://www.nhk.or.jp/das/image/D0005120/D0005120417_00000_S_001.jpg,小3,社会,,8220233111000000 8220233112000000 8220233121000000,町調べ 表 地図 キャッチコピー 伝える,PT0H10M0S,2017/7/5 9:20,,,,http://www.wikidata.org/entity/Q278425,http://www.wikidata.org/entity/Q4006,http://www.wikidata.org/entity/Q1094729,
D0005120418_00000,ばんぐみ,“シゴト”ってなんだ？,コノマチ☆リサーチ,民奈野市のまねをしたのに、ズビの星はなぜか便利にならないという。仕事をする人がいないといけないのではないかと気づいたズビは、民奈野市の仕事を調べることにした。,https://www2.nhk.or.jp/school/watch/bangumi/?das_id=D0005120418_00000,https://www.nhk.or.jp/das/image/D0005120/D0005120418_00000_S_001.jpg,小3,社会,,8220233211000000 8220233221000000 8220233213000000,町調べ 仕事 宅配便 消防士 警察官,PT0H10M0S,2017/8/23 9:20,,,,http://www.wikidata.org/entity/Q17211696,http://www.wikidata.org/entity/Q1447463,http://www.wikidata.org/entity/Q107711,https://www.wikidata.org/entity/Q384593
D0005120419_00000,ばんぐみ,“スーパーマーケット”につれていってくれ！,コノマチ☆リサーチ,いろんなものを一度に買うことができる“スーパーマーケット”に興味をもったズビ。店には、お客さんが買いやすい工夫や働いている人の努力、他地域とのつながりがあった。,https://www2.nhk.or.jp/school/watch/bangumi/?das_id=D0005120419_00000,https://www.nhk.or.jp/das/image/D0005120/D0005120419_00000_S_001.jpg,小3,社会,,8220233212000000 8220233222000000 8220233213000000,町調べ 仕事 スーパーマーケット 店長 買い物,PT0H10M0S,2017/9/13 9:20,,,,http://www.wikidata.org/entity/Q17211696,http://www.wikidata.org/entity/Q180846,,
D0005120420_00000,ばんぐみ,“いろいろな店”を知りたいぞ！,コノマチ☆リサーチ,大型スーパーだけでなく、地域にはさまざまな個人商店がある。地元密着型の電器屋さんを取材し、小さな店がどのように客を集めているのか、その秘密を探る。,https://www2.nhk.or.jp/school/watch/bangumi/?das_id=D0005120420_00000,https://www.nhk.or.jp/das/image/D0005120/D0005120420_00000_S_001.jpg,小3,社会,,8220233212000000 8220233222000000 8220233213000000,専門店 店 電器屋さん 電池 料理教室,PT0H10M0S,2017/9/27 9:20,,,,,,,
D0005120421_00000,ばんぐみ,“おいしいもの”はどうやって作るんだ？,コノマチ☆リサーチ,おいしい食べ物はどこから来るのか興味をもったズビ。今回は、農家の工夫や努力について、ぶどう畑を訪ねて調べる。,https://www2.nhk.or.jp/school/watch/bangumi/?das_id=D0005120421_00000,https://www.nhk.or.jp/das/image/D0005120/D0005120421_00000_S_001.jpg,小3,社会,,8220233211000000 8220233221000000 8220233213000000,農家 ぶどう 果物 畑 土地,PT0H10M0S,2017/10/11 9:20,,,http://www.wikidata.org/entity/Q131512,https://www.wikidata.org/entity/Q10978,http://www.wikidata.org/entity/Q3314483,http://www.wikidata.org/entity/Q188869,
D0005120422_00000,ばんぐみ,“工場”のひみつをさぐれ！,コノマチ☆リサーチ,安全ですばやくたくさんのものを作る工夫（くふう）や、より多くの人によろこんでもらうための努力（どりょく）など、おかし工場のひみつをさぐる。,https://www2.nhk.or.jp/school/watch/bangumi/?das_id=D0005120422_00000,https://www.nhk.or.jp/das/image/D0005120/D0005120422_00000_S_001.jpg,小3,社会,,8220233211000000 8220233221000000 8220233213000000,工場 機械 生産 製品 原料,PT0H10M0S,2017/10/25 9:20,,,http://www.wikidata.org/entity/Q83405,http://www.wikidata.org/entity/Q11019,http://www.wikidata.org/entity/Q739302,https://www.wikidata.org/entity/Q2424752,https://www.wikidata.org/entity/Q10675206
D0005120423_00000,ばんぐみ,マチの外と“つながる”シゴト,コノマチ☆リサーチ,生産の仕事を通してほかのまちとの“つながり”に注目。まちの仕事は、同じまちの中だけでなく、“他の地いきとのつながり”によってなりたっていることを学ぶ。,https://www2.nhk.or.jp/school/watch/bangumi/?das_id=D0005120423_00000,https://www.nhk.or.jp/das/image/D0005120/D0005120423_00000_S_001.jpg,小3,社会,,8220233311000000 8220233312000000 8220233321000000,工場 機械 消しゴム 会社 生産,PT0H10M0S,2017/11/8 9:20,,,http://www.wikidata.org/entity/Q83405,http://www.wikidata.org/entity/Q11019,http://www.wikidata.org/entity/Q171888,https://www.wikidata.org/entity/Q783794,http://www.wikidata.org/entity/Q739302
D0005120424_00000,ばんぐみ,火事がおこった！大変だ！,コノマチ☆リサーチ,人々の命や財産を一瞬で奪う怖い火災。ズビとハジメは消防署の仕事について調べるとともに、消防団など災害から地域を守るための活動を知り、その大切さを学ぶ。,https://www2.nhk.or.jp/school/watch/bangumi/?das_id=D0005120424_00000,https://www.nhk.or.jp/das/image/D0005120/D0005120424_00000_S_001.jpg,小3,社会,,8220233311000000 8220233312000000 8220233321000000,消防署 消防士 指令室 消火 救助,PT0H10M0S,2017/11/22 9:20,,,https://www.wikidata.org/entity/Q1195942,http://www.wikidata.org/entity/Q107711,,,
D0005120425_00000,ばんぐみ,たいせつな“安全”を守るぞ！,コノマチ☆リサーチ,今回は人々の安全や安心を守る警察署の仕事を調べる。また、防犯パトロールなど地域の人々の地道な活動が、事故や事件を防ぐために欠かせないことを知る。,https://www2.nhk.or.jp/school/watch/bangumi/?das_id=D0005120425_00000,https://www.nhk.or.jp/das/image/D0005120/D0005120425_00000_S_001.jpg,小3,社会,,8220233311000000 8220233312000000 8220233321000000,警察 交番 警察官 パトロール 防犯,PT0H10M0S,2017/12/6 9:20,,,http://www.wikidata.org/entity/Q35535,http://www.wikidata.org/entity/Q1202146,http://www.wikidata.org/entity/Q384593,http://www.wikidata.org/entity/Q11379765,https://www.wikidata.org/entity/Q855848
D0005120426_00000,ばんぐみ,マチの“むかし”を知りたいぞ！,コノマチ☆リサーチ,昔のくらしに興味を持ったズビは、ハジメとともに郷土博物館に行くことに。まちや生活の道具は、少しずつ変わってきたことを学ぶ。,https://www2.nhk.or.jp/school/watch/bangumi/?das_id=D0005120426_00000,https://www.nhk.or.jp/das/image/D0005120/D0005120426_00000_S_001.jpg,小3,社会,,8220233411000000 8220233412000000 8220233421000000,むかし くらし 道具 郷土博物館 年表,PT0H10M0S,2018/1/10 9:20,,,,,http://www.wikidata.org/entity/Q39546,http://www.wikidata.org/entity/Q1595639,http://www.wikidata.org/entity/Q186117
D0005120427_00000,ばんぐみ,“オマツリ”ってなんだ？,コノマチ☆リサーチ,地域の年中行事の一つ、お祭りに興味を持ったズビ。ハジメとズビは、民奈野市のお祭りについて歴史を調べる。祭りの意味や後世に伝え続けていくことの意義について学ぶ。,https://www2.nhk.or.jp/school/watch/bangumi/?das_id=D0005120427_00000,https://www.nhk.or.jp/das/image/D0005120/D0005120427_00000_S_001.jpg,小3,社会,,8220233411000000 8220233412000000 8220233421000000,お祭り 神社 伝統 地域 農作物,PT0H10M0S,2018/1/24 9:20,,,https://www.wikidata.org/entity/Q1046763,http://www.wikidata.org/entity/Q845945,http://www.wikidata.org/entity/Q82821,http://www.wikidata.org/entity/Q82794,https://www.wikidata.org/entity/Q235352
D0005120428_00000,ばんぐみ,どうして“むかしのモノ”が大切にされるんだ？,コノマチ☆リサーチ,古い建物を保存する人たちの活動を知ったズビ。地域に残る古い建物は、なぜ大切に保存されているのか。そこに込められたまちの人々の思いや意味を学ぶ。,https://www2.nhk.or.jp/school/watch/bangumi/?das_id=D0005120428_00000,https://www.nhk.or.jp/das/image/D0005120/D0005120428_00000_S_001.jpg,小3,社会,,8220233411000000 8220233412000000 8220233421000000,たてもの 古い建物 歴史 昔のくらし 建築,PT0H10M0S,2018/2/7 9:20,,,https://www.wikidata.org/entity/Q41176,,http://www.wikidata.org/entity/Q309,,http://www.wikidata.org/entity/Q12271
D0005120429_00000,ばんぐみ,マチはどう変わっていくんだ？,コノマチ☆リサーチ,まちがこれからどうなっていくのか知ろうと市役所を訪ねた２人。まちにはさまざまな課題があると教えてもらう。商店街や地域の取り組みを知り、まちの未来について考える。,https://www2.nhk.or.jp/school/watch/bangumi/?das_id=D0005120429_00000,https://www.nhk.or.jp/das/image/D0005120/D0005120429_00000_S_001.jpg,小3,社会,,8220233411000000 8220233412000000 8220233421000000,町 地域 課題 山間地域 中山間地域,PT0H10M0S,2018/2/21 9:20,,,http://www.wikidata.org/entity/Q3957,http://www.wikidata.org/entity/Q82794,http://www.wikidata.org/entity/Q759676,,
D0005120430_00000,ばんぐみ,これが オイラがつくりたい“マチ”だ！,コノマチ☆リサーチ,民奈野市の移り変わりについて学んだズビ。今度は、自分が星に帰ってどんな“マチ”をつくるべきなのかを考えるようになる。自らが社会に参画していくことの大切さを学ぶ。,https://www2.nhk.or.jp/school/watch/bangumi/?das_id=D0005120430_00000,https://www.nhk.or.jp/das/image/D0005120/D0005120430_00000_S_001.jpg,小3,社会,,8220233411000000 8220233412000000 8220233421000000,社会 参画 公園 まちづくり 参加,PT0H10M0S,2018/3/7 9:20,,,https://www.wikidata.org/entity/Q8425,,http://www.wikidata.org/entity/Q22698,https://www.wikidata.org/entity/Q718998,
D0005120471_00000,ばんぐみ,水はどこから？飲料水のしくみ,よろしく！ファンファン,生活に必要な水はどこから来て、どのようにわたしたちのところへ届けられるのか。水の循環や、浄水場の働きを調べ、きれいな水にするための工夫や努力について考える。,https://www2.nhk.or.jp/school/watch/bangumi/?das_id=D0005120471_00000,https://www.nhk.or.jp/das/image/D0005120/D0005120471_00000_S_001.jpg,小4,社会,,8220243211000000 8220243221000000 8220243213000000,水道 飲み水 浄水場 水不足 福岡市,PT0H10M0S,2018/4/11 9:30,,,http://www.wikidata.org/entity/Q18449863,http://www.wikidata.org/entity/Q7892,http://www.wikidata.org/entity/Q10373565,http://www.wikidata.org/entity/Q5376358,http://www.wikidata.org/entity/Q26600
D0005120472_00000,ばんぐみ,くらしをささえる電気のしくみ,よろしく！ファンファン,くらしにかかせない電気はどこから来て、どのようなところで使われているのかをつかみ、電気を安定して届ける人々の努力や工夫、電気の未来についても調べる。,https://www2.nhk.or.jp/school/watch/bangumi/?das_id=D0005120472_00000,https://www.nhk.or.jp/das/image/D0005120/D0005120472_00000_S_001.jpg,小4,社会,,8220243211000000 8220243221000000 8220243213000000,電気 発電所 火力発電所 電線 ＬＮＧ,PT0H10M0S,2018/4/25 9:30,,,http://www.wikidata.org/entity/Q12725,https://www.wikidata.org/entity/Q159719,http://www.wikidata.org/entity/Q200297,http://www.wikidata.org/entity/Q188447,https://www.wikidata.org/entity/Q358333
D0005120473_00000,ばんぐみ,ごみのゆくえ,よろしく！ファンファン,収集されたごみは、どこに運ばれ、どのように処理されるのか。ごみ処理施設とそこで働く人たちの工夫や努力を学び、ごみを減らすために自分たちにできることを考える。,https://www2.nhk.or.jp/school/watch/bangumi/?das_id=D0005120473_00000,https://www.nhk.or.jp/das/image/D0005120/D0005120473_00000_S_001.jpg,小4,社会,,8220243212000000 8220243222000000 8220243213000000,ごみ 清掃工場 リサイクル 最終処分場 資源ごみ,PT0H10M0S,2018/5/16 9:30,,,http://www.wikidata.org/entity/Q5581187,http://www.wikidata.org/entity/Q11560645,http://www.wikidata.org/entity/Q132580,http://www.wikidata.org/entity/Q152810,http://www.wikidata.org/entity/Q9570352
D0005120474_00000,ばんぐみ,地域の発展につくす～用水路開発～,よろしく！ファンファン,日本で有名な米どころ福島県郡山市の米作りを支える用水路「安積疏水」は、どのようにして開発されたのか、そこに人々のどんな努力があったのか調べる。,https://www2.nhk.or.jp/school/watch/bangumi/?das_id=D0005120474_00000,https://www.nhk.or.jp/das/image/D0005120/D0005120474_00000_S_001.jpg,小4,社会,,8220243412000000 8220243421000000 8220243422000000,福島県 郡山 安積疎水 猪苗代湖 湖,PT0H10M0S,2018/5/30 9:30,,,http://www.wikidata.org/entity/Q71707,http://www.wikidata.org/entity/Q264206,http://www.wikidata.org/entity/Q11451162,http://www.wikidata.org/entity/Q1140672,http://www.wikidata.org/entity/Q23397
D0005120475_00000,ばんぐみ,地域の発展につくす～産業をつくる～,よろしく！ファンファン,富山県でチューリップの栽培を広めた水野豊造の取り組みをとおして、地域の産業をつくりあげるまでの昔の人の努力について学ぶ。,https://www2.nhk.or.jp/school/watch/bangumi/?das_id=D0005120475_00000,https://www.nhk.or.jp/das/image/D0005120/D0005120475_00000_S_001.jpg,小4,社会,,8220243412000000 8220243421000000 8220243422000000,富山県 砺波市 チューリップ 栽培 球根,PT0H10M0S,2018/6/13 9:30,,,http://www.wikidata.org/entity/Q132929,http://www.wikidata.org/entity/Q526760,http://www.wikidata.org/entity/Q93201,http://www.wikidata.org/entity/Q488798,http://www.wikidata.org/entity/Q183319
D0005120476_00000,ばんぐみ,自然災害とともに生きる～水害～,よろしく！ファンファン,水害や土砂災害が起こった地域の事例をとおして、災害から地域を守るために、人々はどのような工夫や取り組みをしているのか学ぶ。,https://www2.nhk.or.jp/school/watch/bangumi/?das_id=D0005120476_00000,https://www.nhk.or.jp/das/image/D0005120/D0005120476_00000_S_001.jpg,小4,社会,,8220243311000000 8220243321000000 8220243312000000,自然災害 水害 台風 大雨 土砂崩れ,PT0H10M0S,2018/6/27 9:30,,,http://www.wikidata.org/entity/Q8065,http://www.wikidata.org/entity/Q11252966,http://www.wikidata.org/entity/Q140588,http://www.wikidata.org/entity/Q18447212,http://www.wikidata.org/entity/Q167903
D0005120477_00000,ばんぐみ,自然災害とともに生きる～地震～,よろしく！ファンファン,熊本地震の事例をとおして、地震が起こったときに地域と人々を守る県や国の取り組み、さらに、住民同士で助け合う自主防災組織の活動について調べる。,https://www2.nhk.or.jp/school/watch/bangumi/?das_id=D0005120477_00000,https://www.nhk.or.jp/das/image/D0005120/D0005120477_00000_S_001.jpg,小4,社会,,8220243311000000 8220243321000000 8220243312000000,自然災害 地震 熊本地震 防災 避難所,PT0H10M0S,2018/7/11 9:30,,,http://www.wikidata.org/entity/Q8065,http://www.wikidata.org/entity/Q7944,http://www.wikidata.org/entity/Q23825118,http://www.wikidata.org/entity/Q1460420,http://www.wikidata.org/entity/Q97378770
D0005120478_00000,ばんぐみ,特色ある地域～地場産業をいかした地域づくり～,よろしく！ファンファン,繊維産業が盛んで、「ジーンズのまち」として特色がある岡山県倉敷市の児島を取材し、地場産業発展の歴史と、産業をいかしたまちづくりについて学ぶ。,https://www2.nhk.or.jp/school/watch/bangumi/?das_id=D0005120478_00000,https://www.nhk.or.jp/das/image/D0005120/D0005120478_00000_S_001.jpg,小4,社会,,8220243511000000 8220243412000000 8220243421000000,岡山県 倉敷市 児島 繊維 ジーンズ,PT0H10M0S,2018/8/22 9:30,,,http://www.wikidata.org/entity/Q132936,http://www.wikidata.org/entity/Q467487,http://www.wikidata.org/entity/Q11388648,http://www.wikidata.org/entity/Q161,http://www.wikidata.org/entity/Q83363
D0005120479_00000,ばんぐみ,特色ある地域～伝統文化をいかした地域づくり～,よろしく！ファンファン,伝統文化を生かした地域づくりについて調べる。伝統文化がいつ、どのような形で生まれ、いまに受け継がれているのか、どのようにまちづくりに生かされているのかを調べる。,https://www2.nhk.or.jp/school/watch/bangumi/?das_id=D0005120479_00000,https://www.nhk.or.jp/das/image/D0005120/D0005120479_00000_S_001.jpg,小4,社会,,8220243511000000 8220243412000000 8220243421000000,石川県 志賀町 西海地区 祭り 年中行事,PT0H10M0S,2018/9/12 9:30,,,http://www.wikidata.org/entity/Q131281,http://www.wikidata.org/entity/Q1349406,,https://www.wikidata.org/entity/Q1046763,http://www.wikidata.org/entity/Q11483816
D0005120480_00000,ばんぐみ,特色ある地域～自然をいかした地域づくり～,よろしく！ファンファン,自然環境を生かした地域づくりについて調べる。どのような自然環境がどのように分布し、どんな人たちがその保護や、それを生かした地域づくりに努めているのか調べる。,https://www2.nhk.or.jp/school/watch/bangumi/?das_id=D0005120480_00000,https://www.nhk.or.jp/das/image/D0005120/D0005120480_00000_S_001.jpg,小4,社会,,8220243511000000 8220243412000000 8220243421000000,岐阜県 郡上市 郡上八幡 自然 環境,PT0H10M0S,2018/9/26 9:30,,,http://www.wikidata.org/entity/Q131277,http://www.wikidata.org/entity/Q857243,,http://www.wikidata.org/entity/Q7860,http://www.wikidata.org/entity/Q2249676
D0005120511_00000,ばんぐみ,国際交流をいかした地域づくり,よろしく！ファンファン,国際交流をいかした地域づくりに取り組む静岡県・浜松市を取材。さまざまな国籍の人たちが暮らすまちの様子や、日本人も外国人も心地よく生活するための工夫を学ぶ。,https://www2.nhk.or.jp/school/watch/bangumi/?das_id=D0005120511_00000,https://www.nhk.or.jp/das/image/D0005120/D0005120511_00000_S_001.jpg,小4,社会,,8220243511000000 8220243412000000 8220243421000000,地域 外国人 姉妹都市 ブラジル ポルトガル語,PT0H10M0S,2019/3/21 15:40,,,http://www.wikidata.org/entity/Q739302,http://www.wikidata.org/entity/Q473741,http://www.wikidata.org/entity/Q184711,http://www.wikidata.org/entity/Q155,http://www.wikidata.org/entity/Q5146
D0005120512_00000,ばんぐみ,水をくりかえし使う工夫,よろしく！ファンファン,人々の健康と生活環境を支える下水道の仕組みを調べる。下水道の設備や歴史を学び、水がくりかえし循環して使われていることを理解するとともに、働く人々の努力を知る。,https://www2.nhk.or.jp/school/watch/bangumi/?das_id=D0005120512_00000,https://www.nhk.or.jp/das/image/D0005120/D0005120512_00000_S_001.jpg,小4,社会,,8220243211000000 8220243221000000 8220243213000000,下水処理場 水の循環 下水道管 雨水 水再生センター,PT0H10M0S,2019/3/22 15:40,,,http://www.wikidata.org/entity/Q15242449,,http://www.wikidata.org/entity/Q28109822,http://www.wikidata.org/entity/Q1421263,http://www.wikidata.org/entity/Q15242449
D0005120570_00000,ばんぐみ,関東地方　埼玉県,さすらいのとどうふ犬　シロウ,夏の埼玉県でシロウが出会うのは、巨大な温度計やベーゴマを楽しむ小学生たち！いったいどうしてなのか？埼玉県の位置や地形からひもといていきます！,https://www2.nhk.or.jp/school/watch/bangumi/?das_id=D0005120570_00000,https://www.nhk.or.jp/das/image/D0005120/D0005120570_00000_S_001.jpg,小4,社会,,8220243100000000 8220243500000000 8220233200000000,埼玉県 地理 地形 気候 特産品,PT0H10M0S,2024/12/7 17:00,,,http://www.wikidata.org/entity/Q128186,http://www.wikidata.org/entity/Q24903161,http://www.wikidata.org/entity/Q271669,http://www.wikidata.org/entity/Q7937,http://www.wikidata.org/entity/Q11571036
D0005120571_00000,ばんぐみ,中国地方　広島県,さすらいのとどうふ犬 シロウ,冬の広島県でシロウが見つけたのは、道路の真ん中を走る電車や海に浮かぶたくさんのいかだ。いったいどうして！？広島県の地形からひもといていきます！,https://www2.nhk.or.jp/school/watch/bangumi/?das_id=D0005120571_00000,https://www.nhk.or.jp/das/image/D0005120/D0005120571_00000_S_001.jpg,小4,社会,,8220243100000000 8220243500000000 8220233200000000,広島県 三角州 原爆 かき 瀬戸内海,PT0H10M0S,2025/3/8 16:30,,,http://www.wikidata.org/entity/Q617375,http://www.wikidata.org/entity/Q43197,http://www.wikidata.org/entity/Q650051,http://www.wikidata.org/entity/Q107411,http://www.wikidata.org/entity/Q231312
D0005120513_00000,ばんぐみ,回る！ミウ寿司事件！？～新鮮な魚を食べられるワケ～,ズームジャパン,日本はなぜたくさんの種類の魚がとれるのか。朝とれた魚が、お昼にはスーパーに並んでいる！？そんな疑問を出発点に、日本の漁業や魚の流通について調べます。,https://www2.nhk.or.jp/school/watch/bangumi/?das_id=D0005120513_00000,https://www.nhk.or.jp/das/image/D0005120/D0005120513_00000_S_001.jpg,小5,社会,,8220253211000000 8220253212000000,水産業 漁業 流通 海流 暖流,PT0H10M0S,2023/3/23 9:45,,,http://www.wikidata.org/entity/Q635139,http://www.wikidata.org/entity/Q180538,http://www.wikidata.org/entity/Q867147,http://www.wikidata.org/entity/Q129558,
D0005120514_00000,ばんぐみ,ショーゴ連続ダジャレ事件！？～育てる漁業～,ズームジャパン,魚の値段が上がるかもしれない？？そんな疑問を出発点に、日本の漁業の課題や、最新の養殖現場について調べます。,https://www2.nhk.or.jp/school/watch/bangumi/?das_id=D0005120514_00000,https://www.nhk.or.jp/das/image/D0005120/D0005120514_00000_S_001.jpg,小5,社会,,8220253211000000 8220253212000000,養しょく 漁業 水産業 いけす 絶滅,PT0H10M0S,2023/3/24 9:45,,,,http://www.wikidata.org/entity/Q180538,http://www.wikidata.org/entity/Q635139,http://www.wikidata.org/entity/Q1420299,http://www.wikidata.org/entity/Q123509
D0005120515_00000,ばんぐみ,日本一周事件！？　～日本の国土～,ズームジャパン,「日本の地形ってどうなってるんだろう？」そんなギモンを出発点に、１万４０００以上に及ぶというさまざまな島々や、変化にとんだ気候や自然を紹介します。,https://www2.nhk.or.jp/school/watch/bangumi/?das_id=D0005120515_00000,https://www.nhk.or.jp/das/image/D0005120/D0005120515_00000_S_001.jpg,小5,社会,,8220253111000000 8220253112000000,国土 気候 面積 地形 北半球,PT0H10M0S,2023/1/24 8:45,,,http://www.wikidata.org/entity/Q28692710,http://www.wikidata.org/entity/Q7937,,http://www.wikidata.org/entity/Q271669,http://www.wikidata.org/entity/Q39061
D0005120516_00000,ばんぐみ,引っ越しは突然に…事件！？　～低い土地のくらし～,ズームジャパン,「高い土地と低い土地でくらしかたはどう違うの？」という問いから堤防に囲まれた輪中の歴史や、防災や農業の工夫などを紹介。その土地ならではのくらしを紹介します。,https://www2.nhk.or.jp/school/watch/bangumi/?das_id=D0005120516_00000,https://www.nhk.or.jp/das/image/D0005120/D0005120516_00000_S_001.jpg,小5,社会,,8220253111000000 8220253112000000,輪中 低い土地 高い土地 標高 国土,PT0H10M0S,2023/1/25 8:45,,,http://www.wikidata.org/entity/Q11637694,,,http://www.wikidata.org/entity/Q2633778,http://www.wikidata.org/entity/Q28692710
D0005120517_00000,ばんぐみ,巨大すごろく事件！？～あたたかい土地　さむい土地～,ズームジャパン,あたたかい土地の沖縄県とさむい土地の北海道では気候に合わせどのような生活をしているのか。特に北海道では雪の処理をどのように行うのか。札幌市の雪対策を密着取材,https://www2.nhk.or.jp/school/watch/bangumi/?das_id=D0005120517_00000,https://www.nhk.or.jp/das/image/D0005120/D0005120517_00000_S_001.jpg,小5,社会,,8220253512000000 8220253522000000,沖縄県 北海道 家 くらしの工夫 暑さ,PT0H10M0S,2023/3/22 9:45,,,http://www.wikidata.org/entity/Q766445,http://www.wikidata.org/entity/Q35581,http://www.wikidata.org/entity/Q1149315,,http://www.wikidata.org/entity/Q12888883
D0005120518_00000,ばんぐみ,野菜爆買い事件！？　～野菜が一年中食べられるわけ～,ズームジャパン,「野菜が一年中どうして食べられるの？」という疑問からレタスを例に全国各地の生産者を取材します。収穫の工夫や、鮮度を保つ技術を紹介。最先端の野菜工場に潜入します。,https://www2.nhk.or.jp/school/watch/bangumi/?das_id=D0005120518_00000,https://www.nhk.or.jp/das/image/D0005120/D0005120518_00000_S_001.jpg,小5,社会,,8220253211000000 8220253221000000,野菜 農業 技術 収穫 生産,PT0H10M0S,2023/2/1 8:45,,,http://www.wikidata.org/entity/Q11004,http://www.wikidata.org/entity/Q11451,http://www.wikidata.org/entity/Q2695280,http://www.wikidata.org/entity/Q213753,http://www.wikidata.org/entity/Q739302
D0005120519_00000,ばんぐみ,消えたお米事件！？　～米づくりのさかんな地いき～,ズームジャパン,「おいしいお米はどうやってできるの？」という疑問から、米づくりの１年に密着。田植えや水の管理に機械やICTを使いながら発展する米づくりのいまを紹介します。,https://www2.nhk.or.jp/school/watch/bangumi/?das_id=D0005120519_00000,https://www.nhk.or.jp/das/image/D0005120/D0005120519_00000_S_001.jpg,小5,社会,,8220253212000000 8220253211000000,米 稲 米づくり 苗 田植え,PT0H10M0S,2023/2/2 8:45,,,http://www.wikidata.org/entity/Q5090,http://www.wikidata.org/entity/Q161426,,,http://www.wikidata.org/entity/Q12595244
D0005120548_00000,ばんぐみ,美食インフルエンサー事件！？～これからの食料生産～,ズームジャパン,私たちに欠かせない食べ物。多くの問題を抱えている日本で、将来も食べ続けるためにどんな取り組みが行われているのか。最先端の農業がまるわかり！,https://www2.nhk.or.jp/school/watch/bangumi/?das_id=D0005120548_00000,https://www.nhk.or.jp/das/image/D0005120/D0005120548_00000_S_001.jpg,小5,社会,,8220253212000000 8220253221000000,食料 生産 食べ物 農業 問題,PT0H10M0S,2023/4/3 9:00,,,http://www.wikidata.org/entity/Q2095,http://www.wikidata.org/entity/Q739302,http://www.wikidata.org/entity/Q2095,http://www.wikidata.org/entity/Q11451,http://www.wikidata.org/entity/Q621184
D0005120549_00000,ばんぐみ,芸術は爆発だ！事件！？～くらしを支える工業製品～,ズームジャパン,「工業製品って何？」という疑問から、工業製品の種類や日本各地での分布を学びます。さらにエアコンに着目、その歴史と生産過程を紹介します。,https://www2.nhk.or.jp/school/watch/bangumi/?das_id=D0005120549_00000,https://www.nhk.or.jp/das/image/D0005120/D0005120549_00000_S_001.jpg,小5,社会,,8.22E+15,工業製品 工業 太平洋ベルト 工場 繊維工業,PT0H10M0S,2023/4/3 9:00,,,http://www.wikidata.org/entity/Q3406743,http://www.wikidata.org/entity/Q8148,http://www.wikidata.org/entity/Q44006,http://www.wikidata.org/entity/Q83405,http://www.wikidata.org/entity/Q46398483
D0005120550_00000,ばんぐみ,恋するコンビニ事件！？～情報をいかす販売業～,ズームジャパン,「お店は情報をどのようにいかしている？」という疑問から、コンビニの裏側に潜入。大量の情報を使った「半自動発注」や店ごとのレポートから、店づくりの工夫に迫ります。,https://www2.nhk.or.jp/school/watch/bangumi/?das_id=D0005120550_00000,https://www.nhk.or.jp/das/image/D0005120/D0005120550_00000_S_001.jpg,小5,社会,,8.22E+15,情報 コンビニ ＰＯＳ レジ 発注,PT0H10M0S,2023/4/3 9:00,,,http://www.wikidata.org/entity/Q11028,http://www.wikidata.org/entity/Q7361709,https://www.wikidata.org/entity/Q386147,http://www.wikidata.org/entity/Q235041,http://www.wikidata.org/entity/Q566889
D0005120551_00000,ばんぐみ,緊急出動！ミウ パトロール事件！？～自動車工業のいま～,ズームジャパン,テーマは「自動車工業のいま」。自動車ができあがるまでの工程に密着。さらに、交通事故をなくす最先端のとりくみを紹介し、未来に向けてどんな車を目指しているのか学ぶ。,https://www2.nhk.or.jp/school/watch/bangumi/?das_id=D0005120551_00000,https://www.nhk.or.jp/das/image/D0005120/D0005120551_00000_S_001.jpg,小5,社会,,8220253312000000 8220253322000000,自動車 車 部品 組み立て 工場,PT0H10M0S,2023/9/20 9:30,,,http://www.wikidata.org/entity/Q1420,http://www.wikidata.org/entity/Q1420,http://www.wikidata.org/entity/Q13196193,http://www.wikidata.org/entity/Q3625549,http://www.wikidata.org/entity/Q83405
D0005120552_00000,ばんぐみ,ミウ、ムキムキ化計画事件！？～日本の中小工場～,ズームジャパン,テーマは「日本の中小工場」。身近な部品の一つである「バネ」をきっかけに、中小工場と大工場と関係や、中小工場の高い技術を探る。,https://www2.nhk.or.jp/school/watch/bangumi/?das_id=D0005120552_00000,https://www.nhk.or.jp/das/image/D0005120/D0005120552_00000_S_001.jpg,小5,社会,,8220253312000000 8220253322000000,工場 大工場 中小工場 町工場 部品バネ,PT0H10M0S,2023/10/11 9:30,,,http://www.wikidata.org/entity/Q83405,,,http://www.wikidata.org/entity/Q83405,
D0005120553_00000,ばんぐみ,おとりよせしまくり事件！？～工業生産を支える貿易と運輸～,ズームジャパン,貿易や運輸は、工業生産を支える重要な役割を果たしています。日本の交通網の発展をわかりやすくCGで紹介。さらに、海外から荷物が届く窓口・港の仕事もまるわかり！,https://www2.nhk.or.jp/school/watch/bangumi/?das_id=D0005120553_00000,https://www.nhk.or.jp/das/image/D0005120/D0005120553_00000_S_001.jpg,小5,社会,,8220253313000000 8220253323000000,工業生産 工業製品 貿易 運輸 荷物,PT0H10M0S,2023/10/25 9:30,,,http://www.wikidata.org/entity/Q1419090,http://www.wikidata.org/entity/Q3406743,http://www.wikidata.org/entity/Q178803,http://www.wikidata.org/entity/Q11640499,
D0005120554_00000,ばんぐみ,社長成り上がり事件！？　～これからの工業生産～,ズームジャパン,日本の工業生産が抱える課題に注目。さらに世界トップクラスの評価を得ている日本のエレベーターを製造する企業では、課題にどう向き合い克服しているかを学びます。,https://www2.nhk.or.jp/school/watch/bangumi/?das_id=D0005120554_00000,https://www.nhk.or.jp/das/image/D0005120/D0005120554_00000_S_001.jpg,小5,社会,,8220253311000000 8220253312000000,日本 工業 製造業 機械工業 働き手,PT0H10M0S,2023/11/8 9:30,,,http://www.wikidata.org/entity/Q17,http://www.wikidata.org/entity/Q8148,http://www.wikidata.org/entity/Q187939,,
D0005120555_00000,ばんぐみ,お祭りハシゴ事件！？～放送局の仕事～,ズームジャパン,今回のテーマは「放送局の仕事」。NHKニュース番組内の天気予報コーナーの制作に密着。「最新」の情報を「正確」にどう届けるのか。働く人たちの思いに密着する。,https://www2.nhk.or.jp/school/watch/bangumi/?das_id=D0005120555_00000,https://www.nhk.or.jp/das/image/D0005120/D0005120555_00000_S_001.jpg,小5,社会,,8220253411000000 8220253421000000 8220253413000000,メディア テレビ ニュース 天気 気象予報士,PT0H10M0S,2023/11/22 9:30,,,http://www.wikidata.org/entity/Q17,http://www.wikidata.org/entity/Q8148,http://www.wikidata.org/entity/Q187939,,
D0005120556_00000,ばんぐみ,ミウ、モンスター化事件！？　～情報をいかす医療・福祉～,ズームジャパン,テーマは「情報をいかす医療・福祉」。電子カルテや遠隔医療など情報をいかした取り組みを紹介。さらに医療と福祉が連携して地域の健康を支える取り組みに注目する。,https://www2.nhk.or.jp/school/watch/bangumi/?das_id=D0005120556_00000,https://www.nhk.or.jp/das/image/D0005120/D0005120556_00000_S_001.jpg,小5,社会,,8220253310000000 8220253311000000 8220253312000000,日本 医療 福祉 介護 診察,PT0H10M0S,2024/1/10 9:30,,,http://www.wikidata.org/entity/Q17,http://www.wikidata.org/entity/Q31207,http://www.wikidata.org/entity/Q12002092,http://www.wikidata.org/entity/Q6672123,http://www.wikidata.org/entity/Q835153
D0005120557_00000,ばんぐみ,かわいいショーゴにも旅をさせろ事件！？　～情報をいかす観光業～,ズームジャパン,「情報」が観光業の中でどのように活用されているのか紹介。情報を使ってツアーづくりを行う旅行会社や、地域を活性化させるために情報発信を行う観光地の姿を密着取材\n,https://www2.nhk.or.jp/school/watch/bangumi/?das_id=D0005120557_00000,https://www.nhk.or.jp/das/image/D0005120/D0005120557_00000_S_001.jpg,小5,社会,,8220253512000000 8220253522000000,旅行 ツアー 情報 旅行会社 旅行プラン,PT0H10M0S,2024/1/24 9:30,,,http://www.wikidata.org/entity/Q61509,,http://www.wikidata.org/entity/Q11028,http://www.wikidata.org/entity/Q217107,
D0005120558_00000,ばんぐみ,どっきりサバイバル事件！？～自然災害を防ぐ～,ズームジャパン,自然災害が多い日本。災害を防ぐため、国や自治体はどんな取り組みを行っているのでしょうか。最新の対策をたっぷりとご紹介！\n,https://www2.nhk.or.jp/school/watch/bangumi/?das_id=D0005120558_00000,https://www.nhk.or.jp/das/image/D0005120/D0005120558_00000_S_001.jpg,小5,社会,,8220253511000000 8220253521000000,自然災害 災害 自然 東日本大震災 地震,PT0H10M0S,2024/2/7 9:30,,,http://www.wikidata.org/entity/Q8065,http://www.wikidata.org/entity/Q3839081,http://www.wikidata.org/entity/Q7860,http://www.wikidata.org/entity/Q1136168,http://www.wikidata.org/entity/Q7944
D0005120559_00000,ばんぐみ,ミウ、もりモリ事件！？～森林とわたしたちのくらし～,ズームジャパン,日本の国土の３分の2をしめる豊かな森林にはどんな役割や働きがあるのか、森林が抱えている課題や森林を守るための地域の取り組みなどを紹介する。,https://www2.nhk.or.jp/school/watch/bangumi/?das_id=D0005120559_00000,https://www.nhk.or.jp/das/image/D0005120/D0005120559_00000_S_001.jpg,小5,社会,,8220253512000000 8220253522000000,森林 森 国土 天然林 知床,PT0H10M0S,2024/2/21 9:30,,,http://www.wikidata.org/entity/Q4421,http://www.wikidata.org/entity/Q4421,http://www.wikidata.org/entity/Q28692710,http://www.wikidata.org/entity/Q3078732,http://www.wikidata.org/entity/Q17208861
D0005120560_00000,ばんぐみ,昭和タイムスリップ事件！？　～環境を守るわたしたち～,ズームジャパン,今回のテーマは「環境を守るわたしたち」。高度経済成長の時代に増加した公害被害。今も続く被害を知るとともに、びわ湖での環境改善への取り組みも紹介します。,https://www2.nhk.or.jp/school/watch/bangumi/?das_id=D0005120560_00000,https://www.nhk.or.jp/das/image/D0005120/D0005120560_00000_S_001.jpg,小5,社会,,8220253513000000 8220253523000000,公害 環境 水俣病 赤潮 高度経済成長,PT0H10M0S,2024/3/6 9:30,,,http://www.wikidata.org/entity/Q2920615,http://www.wikidata.org/entity/Q2249676,http://www.wikidata.org/entity/Q338857,http://www.wikidata.org/entity/Q1211248,http://www.wikidata.org/entity/Q1059474
D0005120561_00000,ばんぐみ,Ｎｅｗ世界一周事件！？　～世界のなかの日本～,ズームジャパン,地球儀（ちきゅうぎ）を使ったクイズを出題。正解できるか挑戦しよう！さらに６０以上の国や地域を旅した写真家から世界各地のとっておきのエピソードを教えてもらいます。,https://www2.nhk.or.jp/school/watch/bangumi/?das_id=D0005120561_00000,https://www.nhk.or.jp/das/image/D0005120/D0005120561_00000_S_001.jpg,小5,社会,,8220253111000000 8220253113000000 8220253121000000,世界 日本 国土 位置 地理,PT0H10M0S,2024/3/11 10:00,,,http://www.wikidata.org/entity/Q16502,http://www.wikidata.org/entity/Q17,http://www.wikidata.org/entity/Q28692710,http://www.wikidata.org/entity/Q17334923,http://www.wikidata.org/entity/Q24903161
D0005120562_00000,ばんぐみ,米とメガネと博士の憂鬱（ゆううつ）事件！？～米づくりのこれから～,ズームジャパン,テーマは「米づくりのこれから」。日本の米づくりが抱える課題を紹介。さらに、原宿にある精米店の取り組みを通じて日本の米づくりの未来を考える。,https://www2.nhk.or.jp/school/watch/bangumi/?das_id=D0005120562_00000,https://www.nhk.or.jp/das/image/D0005120/D0005120562_00000_S_001.jpg,小5,社会,,8220253212000000 8220253222000000,米 米づくり 生産調整 減反 転作,PT0H10M0S,2024/3/11 10:00,,,http://www.wikidata.org/entity/Q5090,,,,
D0005120563_00000,ばんぐみ,ミウ、エネルギーゼロ事件！？　～工業を支える資源・エネルギー～,ズームジャパン,今回のテーマは「工業を支える資源・エネルギー」。輸入に頼る日本の現状をクイズを交えながら紹介。バイオマス発電所などを通じて未来のエネルギーについて考えます。,https://www2.nhk.or.jp/school/watch/bangumi/?das_id=D0005120563_00000,https://www.nhk.or.jp/das/image/D0005120/D0005120563_00000_S_001.jpg,小5,社会,,8220253313000000 8220253323000000,スロベニア ピアノ まんが 日本 したい,PT0H10M0S,2024/3/23 14:20,,,http://www.wikidata.org/entity/Q215,http://www.wikidata.org/entity/Q5994,http://www.wikidata.org/entity/Q1004,http://www.wikidata.org/entity/Q17,
D0005120564_00000,ばんぐみ,謎のおとどけモノ事件！？～情報をいかす運輸業～,ズームジャパン,テーマは「情報をいかす物流業」宅配便の裏側でどのように情報が活用されているのか、宅配の現場に密着します。さらにドライバー不足の解決策として期待される技術も紹介！,https://www2.nhk.or.jp/school/watch/bangumi/?das_id=D0005120564_00000,https://www.nhk.or.jp/das/image/D0005120/D0005120564_00000_S_001.jpg,小5,社会,,8220253412000000 8220253422000000,情報 宅配 ＡＩ ＩＴ ＩＯＴ,PT0H10M0S,2024/3/23 14:20,,,http://www.wikidata.org/entity/Q11028,http://www.wikidata.org/entity/Q2334804,http://www.wikidata.org/entity/Q11660,http://www.wikidata.org/entity/Q11661,
D0005120565_00000,ばんぐみ,情報社会編,NHK for Schoolで学ぶいまどきの社会科,小中学生向けの社会科の動画クリップから「情報社会」に関する動画をピックアップ。,https://www2.nhk.or.jp/school/watch/bangumi/?das_id=D0005120565_00000,https://www.nhk.or.jp/das/image/D0005120/D0005120565_00000_S_001.jpg,小5,社会,,8220253412000000 8323233111100000,情報 情報社会 ＡＩ ＩｏＴ ＩＴ,PT1H0M0S,2025/3/11 12:00,,,http://www.wikidata.org/entity/Q11028,http://www.wikidata.org/entity/Q184708,http://www.wikidata.org/entity/Q11660,,http://www.wikidata.org/entity/Q11661
D0005120566_00000,ばんぐみ,メディア編,NHK for Schoolで学ぶいまどきの社会科,小中学生向けの社会科の動画クリップから「メディア」に関する動画をピックアップ。,https://www2.nhk.or.jp/school/watch/bangumi/?das_id=D0005120566_00000,https://www.nhk.or.jp/das/image/D0005120/D0005120566_00000_S_001.jpg,小5,社会,,8220253411000000 8323233111100000,メディア 新聞 テレビ ラジオ インターネット,PT1H0M0S,2025/3/12 10:00,,,http://www.wikidata.org/entity/Q340169,http://www.wikidata.org/entity/Q11032,http://www.wikidata.org/entity/Q289,http://www.wikidata.org/entity/Q872,http://www.wikidata.org/entity/Q75
D0005120207_00000,ばんぐみ,北条時宗～元との戦い～,歴史にドキリ,鎌倉時代、二度にわたって日本に侵寇した元軍。幕府は執権の北条時宗を中心にその危機を乗り越えた。未曾有の国難である「元寇」の様子と、その影響を知る。,https://www2.nhk.or.jp/school/watch/bangumi/?das_id=D0005120207_00000,https://www.nhk.or.jp/das/image/D0005120/D0005120207_00000_S_001.jpg,小6,社会,,8220263214000000 8220263221000000,武士 北条時宗 鎌倉時代 御家人 ご恩,PT0H10M0S,2012/7/11 9:50,,,http://www.wikidata.org/entity/Q1975935,http://www.wikidata.org/entity/Q430964,http://www.wikidata.org/entity/Q236205,http://www.wikidata.org/entity/Q63765,http://www.wikidata.org/entity/Q11489043
D0005120209_00000,ばんぐみ,織田信長～天下統一を目指した武将～,歴史にドキリ,武士たちが勢力争いを繰り広げた戦国時代、先見性や行動力に長けた織田信長は、新しい戦術や政策で勢力を伸ばしていった。天下統一を目指した信長の、波乱の生涯をたどる。,https://www2.nhk.or.jp/school/watch/bangumi/?das_id=D0005120209_00000,https://www.nhk.or.jp/das/image/D0005120/D0005120209_00000_S_001.jpg,小6,社会,,8220263216000000 8220263221000000,戦国 大名 武将 織田信長 明智,PT0H10M0S,2012/9/12 9:50,,,http://www.wikidata.org/entity/Q204023,http://www.wikidata.org/entity/Q61982,http://www.wikidata.org/entity/Q11545923,http://www.wikidata.org/entity/Q171411,http://www.wikidata.org/entity/Q313320
D0005120210_00000,ばんぐみ,豊臣秀吉～武士が支配する世へ～,歴史にドキリ,織田信長に重用されていた豊臣秀吉。信長亡きあと勢いを握ると、検地や刀狩を押し進め、武士が支配する社会の仕組みを整えていった。天下統一への道のりを見つめる。,https://www2.nhk.or.jp/school/watch/bangumi/?das_id=D0005120210_00000,https://www.nhk.or.jp/das/image/D0005120/D0005120210_00000_S_001.jpg,小6,社会,,8220263216000000 8220263221000000,戦国 大名 武将 織田信長 明智光秀,PT0H10M0S,2012/9/26 9:50,,,http://www.wikidata.org/entity/Q204023,http://www.wikidata.org/entity/Q61982,http://www.wikidata.org/entity/Q11545923,http://www.wikidata.org/entity/Q171411,http://www.wikidata.org/entity/Q313320
D0005120211_00000,ばんぐみ,徳川家康～戦国から江戸へ～,歴史にドキリ,天下分け目の関ヶ原の戦いで勝利を収めると、260年続く安定した江戸時代の基礎を作った。待つ男・家康の戦略を見る。,https://www2.nhk.or.jp/school/watch/bangumi/?das_id=D0005120211_00000,https://www.nhk.or.jp/das/image/D0005120/D0005120211_00000_S_001.jpg,小6,社会,,8220263217000000 8220263221000000,戦国大名 武将 桶狭間の戦い 織田信長 豊臣秀吉,PT0H10M0S,2012/10/10 9:50,,,http://www.wikidata.org/entity/Q5384684,http://www.wikidata.org/entity/Q11545923,http://www.wikidata.org/entity/Q349422,http://www.wikidata.org/entity/Q171411,http://www.wikidata.org/entity/Q187550
D0005120212_00000,ばんぐみ,徳川家光～江戸幕府と大名～,歴史にドキリ,江戸幕府３代将軍・徳川家光は、幕府の力を強化し安定させることに努めた。武家諸法度や参勤交代など、大名を統制するためのさまざまな制度作りを通して、その様子を知る。,https://www2.nhk.or.jp/school/watch/bangumi/?das_id=D0005120212_00000,https://www.nhk.or.jp/das/image/D0005120/D0005120212_00000_S_001.jpg,小6,社会,,8220263217000000 8220263221000000,徳川家光 徳川家康 竹千代 将軍 江戸幕府,PT0H10M0S,2012/10/24 9:50,,,http://www.wikidata.org/entity/Q314481,http://www.wikidata.org/entity/Q171977,,http://www.wikidata.org/entity/Q83460,http://www.wikidata.org/entity/Q205662
D0005120213_00000,ばんぐみ,近松門左衛門～江戸時代の文化～,歴史にドキリ,近松門左衛門が書いた人形浄瑠璃や歌舞伎の作品には、町人の悲哀や生き生きとした姿が描かれ、人々の心をとらえた。町人を中心に江戸の文化が花開いていく様子を知る。,https://www2.nhk.or.jp/school/watch/bangumi/?das_id=D0005120213_00000,https://www.nhk.or.jp/das/image/D0005120/D0005120213_00000_S_001.jpg,小6,社会,,8220263218000000 8220263221000000,近松門左衛門 江戸 大阪 上方 天下の台所,PT0H10M0S,2012/11/7 9:50,,,http://www.wikidata.org/entity/Q324986,http://www.wikidata.org/entity/Q215646,http://www.wikidata.org/entity/Q11439906,http://www.wikidata.org/entity/Q403130,
D0005120215_00000,ばんぐみ,西郷隆盛・木戸孝允～明治の国づくり（倒幕運動）～,歴史にドキリ,西郷隆盛と木戸孝允は、ともに明治政府の参議となり、廃藩置県などの改革で新しい国づくりを目指した。時代をリードした２人の活躍を通して激動の維新を描く。,https://www2.nhk.or.jp/school/watch/bangumi/?das_id=D0005120215_00000,https://www.nhk.or.jp/das/image/D0005120/D0005120215_00000_S_001.jpg,小6,社会,,8220263219000000 8220263221000000,幕末 西郷隆盛 薩摩藩 木戸孝允 長州藩,PT0H10M0S,2012/12/5 9:50,,,http://www.wikidata.org/entity/Q804558,http://www.wikidata.org/entity/Q310462,http://www.wikidata.org/entity/Q676187,http://www.wikidata.org/entity/Q696402,http://www.wikidata.org/entity/Q876267
D0005120216_00000,ばんぐみ,大久保利通～明治の国づくり（富国強兵）～,歴史にドキリ,明治政府の政策作りに、中心的に関わった大久保利通は、欧米に学び、近代的な国づくりを志した。“江戸”から“明治”への移行を加速させた改革プロジェクトに迫る。,https://www2.nhk.or.jp/school/watch/bangumi/?das_id=D0005120216_00000,https://www.nhk.or.jp/das/image/D0005120/D0005120216_00000_S_001.jpg,小6,社会,,8220263219000000 8220263221000000,幕末 薩摩藩 西郷隆盛 木戸孝允 明治維新,PT0H10M0S,2013/1/9 9:50,,,http://www.wikidata.org/entity/Q804558,http://www.wikidata.org/entity/Q676187,http://www.wikidata.org/entity/Q310462,http://www.wikidata.org/entity/Q696402,http://www.wikidata.org/entity/Q8707
D0005120219_00000,ばんぐみ,渋沢栄一～近代化に尽くした人～,歴史にドキリ,近代化のための経済の仕組みを作った渋沢栄一。日本最初の銀行や、紡績会社など多くの企業を設立し、経済の発展に大きく貢献した。経済人としての枠を超えた功績を知る。,https://www2.nhk.or.jp/school/watch/bangumi/?das_id=D0005120219_00000,https://www.nhk.or.jp/das/image/D0005120/D0005120219_00000_S_001.jpg,小6,社会,,822026321A000000 8220263221000000,渋沢栄一 株式会社 実業家 江戸幕府 徳川慶喜,PT0H10M0S,2013/2/20 9:50,,,http://www.wikidata.org/entity/Q704995,http://www.wikidata.org/entity/Q1480166,http://www.wikidata.org/entity/Q43845,http://www.wikidata.org/entity/Q205662,http://www.wikidata.org/entity/Q287657
D0005120220_00000,ばんぐみ,陸奥宗光・小村寿太郎～条約改正への道のり～,歴史にドキリ,日本が、幕末に外国から押しつけられた不平等条約。この条約の改正に取り組んだのが、陸奥宗光と小村寿太郎。世界に対等と認められるまでの、苦労の過程を描く。,https://www2.nhk.or.jp/school/watch/bangumi/?das_id=D0005120220_00000,https://www.nhk.or.jp/das/image/D0005120/D0005120220_00000_S_001.jpg,小6,社会,,822026321A000000 8220263221000000,陸奥宗光 小村寿太郎 不平等条約 条約改正 外務大臣,PT0H10M0S,2013/3/6 9:50,,,http://www.wikidata.org/entity/Q704098,http://www.wikidata.org/entity/Q1140896,http://www.wikidata.org/entity/Q864737,http://www.wikidata.org/entity/Q11523643,http://www.wikidata.org/entity/Q1355043
D0005120221_00000,ばんぐみ,縄文時代と弥生時代,歴史にドキリ,小学６年向け社会科番組「歴史にドキリ」の特別編。はるか昔の縄文時代と弥生時代の人々の暮らしの様子を、青森県の三内丸山遺跡や福岡県の板付遺跡などからひも解く。,https://www2.nhk.or.jp/school/watch/bangumi/?das_id=D0005120221_00000,https://www.nhk.or.jp/das/image/D0005120/D0005120221_00000_S_001.jpg,小6,社会,,8220263211000000 8220263221000000,縄文 土器 竪穴 三内丸山 弥生,PT0H10M0S,2012/4/4 9:50,,,http://www.wikidata.org/entity/Q52824,http://www.wikidata.org/entity/Q1377111,,,http://www.wikidata.org/entity/Q207858
D0005120222_00000,ばんぐみ,伊藤博文～明治の国づくり（帝国憲法）～,歴史にドキリ,天皇中心の政治を作ろうとヨーロッパで憲法を学んだ伊藤博文は、内閣制度を作って総理大臣となり、日本初の憲法を作った。政治の仕組みを作り上げた苦労と道のりを見る。,https://www2.nhk.or.jp/school/watch/bangumi/?das_id=D0005120222_00000,https://www.nhk.or.jp/das/image/D0005120/D0005120222_00000_S_001.jpg,小6,社会,,822026321A000000 8220263221000000,明治維新 自由民権運動 国会開設 伊藤博文 ドイツ,PT0H10M0S,2013/1/23 9:50,,,http://www.wikidata.org/entity/Q8707,http://www.wikidata.org/entity/Q711511,,http://www.wikidata.org/entity/Q174971,http://www.wikidata.org/entity/Q183
D0005120223_00000,ばんぐみ,北里柴三郎・野口英世～世界で活躍した日本人～,歴史にドキリ,伝染病の危機から日本を守った北里柴三郎と、寸暇を惜しんで細菌の研究を続けた野口英世。治療法を発見するまでの苦難の道のりを通して、２人の功績を知る。,https://www2.nhk.or.jp/school/watch/bangumi/?das_id=D0005120223_00000,https://www.nhk.or.jp/das/image/D0005120/D0005120223_00000_S_001.jpg,小6,社会,,822026321A000000 8220263221000000,開国 黒船 伝染病 コレラ ドイツ,PT0H10M0S,2013/2/6 9:50,,,http://www.wikidata.org/entity/Q136083481,http://www.wikidata.org/entity/Q1136943,http://www.wikidata.org/entity/Q2995419,http://www.wikidata.org/entity/Q12090,http://www.wikidata.org/entity/Q183
D0005120226_00000,ばんぐみ,藤原道長～貴族の政治とくらし～,歴史にドキリ,平安時代、国の政治は藤原氏のような貴族が担った。また貴族たちの生活からは現代にまで受け継がれる文化も生まれた。貴族が果たした役割を政治、文化の両面から見る。,https://www2.nhk.or.jp/school/watch/bangumi/?das_id=D0005120226_00000,https://www.nhk.or.jp/das/image/D0005120/D0005120226_00000_S_001.jpg,小6,社会,,8220263213000000 8220263221000000,平安時代 藤原 道長 貴族 摂関,PT0H10M0S,2012/5/16 9:50,,,http://www.wikidata.org/entity/Q193292,http://www.wikidata.org/entity/Q24090411,http://www.wikidata.org/entity/Q433133,http://www.wikidata.org/entity/Q16744001,http://www.wikidata.org/entity/Q1346974
D0005120227_00000,ばんぐみ,源頼朝～ご恩と奉公～,歴史にドキリ,鎌倉幕府を支えた「ご恩と奉公」の関係に注目し、領地を中心に幕府と武士の関係が成り立っていたことを学ぶとともに、約700年続く武士による政治の始まりをみる。,https://www2.nhk.or.jp/school/watch/bangumi/?das_id=D0005120227_00000,https://www.nhk.or.jp/das/image/D0005120/D0005120227_00000_S_001.jpg,小6,社会,,8220263214000000 8220263221000000,武士 平安時代 平治の乱 平清盛 鎌倉時代,PT0H10M0S,2012/6/27 9:50,,,http://www.wikidata.org/entity/Q1975935,http://www.wikidata.org/entity/Q193292,http://www.wikidata.org/entity/Q944859,http://www.wikidata.org/entity/Q281833;,http://www.wikidata.org/entity/Q236205
D0005120228_00000,ばんぐみ,平清盛～武士の世の中へ～,歴史にドキリ,平氏の歩みを通して、武士のおこりと、武士が朝廷や貴族に重用されて勢力を伸ばしていく様子を知るとともに、源氏と平氏の勢力の移り変わりを見る。,https://www2.nhk.or.jp/school/watch/bangumi/?das_id=D0005120228_00000,https://www.nhk.or.jp/das/image/D0005120/D0005120228_00000_S_001.jpg,小6,社会,,8220263214000000 8220263221000000,武士 平氏 平家 平安時代 平治の乱,PT0H10M0S,2012/6/13 9:50,,,http://www.wikidata.org/entity/Q1975935,http://www.wikidata.org/entity/Q1079102,http://www.wikidata.org/entity/Q1079102,http://www.wikidata.org/entity/Q193292,http://www.wikidata.org/entity/Q944859
D0005120229_00000,ばんぐみ,足利義満・義政～室町文化の発展～,歴史にドキリ,室町時代の３代将軍・足利義満の華やかな文化と、８代将軍・義政の時代には、洗練された深みのある文化。２人の将軍を通し、現代に伝わる文化様式が生まれた背景を探る。,https://www2.nhk.or.jp/school/watch/bangumi/?das_id=D0005120229_00000,https://www.nhk.or.jp/das/image/D0005120/D0005120229_00000_S_001.jpg,小6,社会,,8220263215000000 8220263221000000,武士 将軍 貴族 室町幕府 金閣,PT0H10M0S,2012/8/22 9:50,,,http://www.wikidata.org/entity/Q1975935,http://www.wikidata.org/entity/Q83460,http://www.wikidata.org/entity/Q16744001,http://www.wikidata.org/entity/Q1154406,http://www.wikidata.org/entity/Q126391445
D0005120230_00000,ばんぐみ,杉田玄白・本居宣長～江戸の学問～,歴史にドキリ,江戸時代中期、国学や蘭学など新しい学問が盛んになった。「解体新書」を記した杉田玄白、「古事記伝」を著した本居宣長。２人の志の高さと努力の歩みを見つめる。,https://www2.nhk.or.jp/school/watch/bangumi/?das_id=D0005120230_00000,https://www.nhk.or.jp/das/image/D0005120/D0005120230_00000_S_001.jpg,小6,社会,,8220263218000000 8220263221000000,江戸中期 杉田玄白 蘭学 医学 オランダ,PT0H10M0S,2012/11/21 9:50,,,http://www.wikidata.org/entity/Q107015194,http://www.wikidata.org/entity/Q1385286,http://www.wikidata.org/entity/Q877637,http://www.wikidata.org/entity/Q11190,http://www.wikidata.org/entity/Q55
D0005120231_00000,ばんぐみ,聖徳太子～新しい国づくり～,歴史にドキリ,6世紀末の日本。大和朝廷で摂政の役職にあった聖徳太子は、豪族・蘇我馬子とともに、天皇中心の新しい国づくりに取り組んだ。さまざまな政治の改革を進めた功績を知る。,https://www2.nhk.or.jp/school/watch/bangumi/?das_id=D0005120231_00000,https://www.nhk.or.jp/das/image/D0005120/D0005120231_00000_S_001.jpg,小6,社会,,8220263212000000 8220263221000000,聖徳太子 十七条の憲法 ６０４年 冠位十二階 ６０３年,PT0H10M0S,2013/4/10 9:40,,,http://www.wikidata.org/entity/Q263972,http://www.wikidata.org/entity/Q197248,,http://www.wikidata.org/entity/Q2448809,
D0005120232_00000,ばんぐみ,中大兄皇子・中臣鎌足～大化の改新・天皇中心の国づくり～,歴史にドキリ,聖徳太子亡きあと、勢力を強めた蘇我氏に危機感をもった中大兄皇子は、中臣鎌足とともに蘇我氏を倒す。天皇中心の政治を目指し、大化の改新を行った皇子たちの業績を見る。,https://www2.nhk.or.jp/school/watch/bangumi/?das_id=D0005120232_00000,https://www.nhk.or.jp/das/image/D0005120/D0005120232_00000_S_001.jpg,小6,社会,,8220263212000000 8220263221000000,中大兄皇子 中臣鎌足 天皇中心の国づくり 大化の改新 蘇我入鹿,PT0H10M0S,2013/4/24 9:40,,,http://www.wikidata.org/entity/Q314802,http://www.wikidata.org/entity/Q433995,,http://www.wikidata.org/entity/Q570140,http://www.wikidata.org/entity/Q736621
D0005120233_00000,ばんぐみ,鑑真～仏教の発展～,歴史にドキリ,奈良時代、日本に仏教の教えを正しく広めるため、海を渡ることを決意した唐の僧・鑑真。6度目の航海でやっと日本にたどり着き、仏教の発展に尽くした鑑真の足跡をたどる。,https://www2.nhk.or.jp/school/watch/bangumi/?das_id=D0005120233_00000,https://www.nhk.or.jp/das/image/D0005120/D0005120233_00000_S_001.jpg,小6,社会,,8220263212000000 8220263221000000,平城京 東大寺 聖武天皇 大仏 国分寺,PT0H10M0S,2013/5/15 9:40,,,http://www.wikidata.org/entity/Q862509,http://www.wikidata.org/entity/Q460367,http://www.wikidata.org/entity/Q349263,http://www.wikidata.org/entity/Q1051606,http://www.wikidata.org/entity/Q1207757
D0005120234_00000,ばんぐみ,桓武天皇～平安京の誕生と人びとのくらし～,歴史にドキリ,桓武天皇が即位した頃、平城京には仏教勢力が台頭していた。平安京に遷都し、新しい都を築いた桓武天皇のはたらきをとおして、当時の都の様子や人びとの暮らしぶりを学ぶ。,https://www2.nhk.or.jp/school/watch/bangumi/?das_id=D0005120234_00000,https://www.nhk.or.jp/das/image/D0005120/D0005120234_00000_S_001.jpg,小6,社会,,8220263213000000 8220263221000000,平城京 東大寺 仏教 僧侶 桓武天皇,PT0H10M0S,2013/5/29 9:40,,,http://www.wikidata.org/entity/Q862509,http://www.wikidata.org/entity/Q460367,http://www.wikidata.org/entity/Q748,http://www.wikidata.org/entity/Q854997,http://www.wikidata.org/entity/Q314846
D0005120235_00000,ばんぐみ,源義経～源平の戦い～,歴史にドキリ,牛若丸で知られる源義経は、兄・頼朝が平家打倒の兵を挙げると、その軍に加わり、数々の戦で功績をあげた。しかし、頼朝と対立。最後は自害に追い込まれた。,https://www2.nhk.or.jp/school/watch/bangumi/?das_id=D0005120235_00000,https://www.nhk.or.jp/das/image/D0005120/D0005120235_00000_S_001.jpg,小6,社会,,8220263214000000 8220263221000000,源平の戦い 平氏打倒 一ノ谷の戦い 奇襲作戦 屋島の戦い,PT0H10M0S,2013/6/12 9:40,,,http://www.wikidata.org/entity/Q737542,,http://www.wikidata.org/entity/Q2116658,,http://www.wikidata.org/entity/Q2117322
D0005120236_00000,ばんぐみ,北条政子～ご恩と奉公を受け継ぐ～,歴史にドキリ,頼朝の妻・北条政子は、頼朝が築いた「ご恩と奉公」の絆で御家人たちを団結させ、復権をねらう朝廷に打ち勝った。鎌倉幕府の力をさらに強固なものにした政子の功績を知る。,https://www2.nhk.or.jp/school/watch/bangumi/?das_id=D0005120236_00000,https://www.nhk.or.jp/das/image/D0005120/D0005120236_00000_S_001.jpg,小6,社会,,8220263214000000 8220263221000000,鎌倉 尼将軍 源頼朝 武士 鎌倉幕府,PT0H10M0S,2013/6/26 9:40,,,http://www.wikidata.org/entity/Q10939227,,http://www.wikidata.org/entity/Q242800,http://www.wikidata.org/entity/Q1975935,http://www.wikidata.org/entity/Q736839
D0005120237_00000,ばんぐみ,雪舟・世阿弥～日本独自の文化の誕生～,歴史にドキリ,室町時代、禅宗の僧・雪舟は、墨の濃淡で自然を描く水墨画を大成させ、仏の道に通ずる心の風景を追い求めた。世阿弥は、民衆の芸能を「能楽」として芸術の域に高めた。,https://www2.nhk.or.jp/school/watch/bangumi/?das_id=D0005120237_00000,https://www.nhk.or.jp/das/image/D0005120/D0005120237_00000_S_001.jpg,小6,社会,,8220263215000000 8220263221000000,室町時代 雪舟 水墨画 禅宗 明,PT0H10M0S,2013/7/10 9:40,,,http://www.wikidata.org/entity/Q334845,http://www.wikidata.org/entity/Q48514,http://www.wikidata.org/entity/Q756712,http://www.wikidata.org/entity/Q7953,http://www.wikidata.org/entity/Q9903
D0005120238_00000,ばんぐみ,武田信玄・上杉謙信～戦国の争乱～,歴史にドキリ,16世紀、地方では戦国大名が台頭。戦って領地を拡大し、治水や鉱山開発に取り組み領国を強くしていった。武田信玄と上杉謙信、二人の活躍をとおして戦国の動乱を学ぶ。,https://www2.nhk.or.jp/school/watch/bangumi/?das_id=D0005120238_00000,https://www.nhk.or.jp/das/image/D0005120/D0005120238_00000_S_001.jpg,小6,社会,,8220263216000000 8220263221000000,応仁の乱 足利義政 戦国時代 戦国大名 山梨,PT0H10M0S,2013/8/21 9:40,,,http://www.wikidata.org/entity/Q385676,http://www.wikidata.org/entity/Q447034,http://www.wikidata.org/entity/Q204023,http://www.wikidata.org/entity/Q5384684,http://www.wikidata.org/entity/Q132720
D0005120240_00000,ばんぐみ,歌川広重～江戸時代の町人文化・浮世絵～,歴史にドキリ,江戸時代、印刷技術の発達により、手頃な価格で広まった浮世絵。歌川広重は、「東海道五十三次」で東海道の名所風景を描き、旅にあこがれる人びとの心をとらえた。,https://www2.nhk.or.jp/school/watch/bangumi/?das_id=D0005120240_00000,https://www.nhk.or.jp/das/image/D0005120/D0005120240_00000_S_001.jpg,小6,社会,,8220263218000000 8220263221000000,東海道五十三次 名所江戸百景 ゴッホ 印刷技術 歌舞伎,PT0H10M0S,2013/9/25 9:40,,,http://www.wikidata.org/entity/Q243248,http://www.wikidata.org/entity/Q165190,http://www.wikidata.org/entity/Q5582,,http://www.wikidata.org/entity/Q199701
D0005120241_00000,ばんぐみ,伊能忠敬～蘭学の発展～,歴史にドキリ,江戸時代の中ごろ、蘭学の医学をはじめ地理学や天文学の技術を役立てようとする動きが現れた。伊能忠敬は、全国を実際に歩いて測量し、正確な日本地図の完成を目指した。,https://www2.nhk.or.jp/school/watch/bangumi/?das_id=D0005120241_00000,https://www.nhk.or.jp/das/image/D0005120/D0005120241_00000_S_001.jpg,小6,社会,,8220263218000000 8220263221000000,江戸時代 鎖国 蘭学 天文学 測量術,PT0H10M0S,2013/10/9 9:40,,,http://www.wikidata.org/entity/Q184963,http://www.wikidata.org/entity/Q332075,http://www.wikidata.org/entity/Q877637,http://www.wikidata.org/entity/Q333,http://www.wikidata.org/entity/Q816425
D0005120242_00000,ばんぐみ,大塩平八郎～庶民の反乱～,歴史にドキリ,天保の大飢饉が起きると、役人だった大塩平八郎は幕府の政治に憤り、庶民とともに反乱を起こした。平和な江戸時代に動揺が生じ、幕府の支配が弱まっていく背景を学ぶ。,https://www2.nhk.or.jp/school/watch/bangumi/?das_id=D0005120242_00000,https://www.nhk.or.jp/das/image/D0005120/D0005120242_00000_S_001.jpg,小6,社会,,8220263219000000 8220263221000000,大塩平八郎 大塩平八郎の乱 庶民 反乱 江戸時代,PT0H10M0S,2013/10/23 9:40,,,http://www.wikidata.org/entity/Q1056715,http://www.wikidata.org/entity/Q4126363,http://www.wikidata.org/entity/Q11063536,http://www.wikidata.org/entity/Q6107280,http://www.wikidata.org/entity/Q184963
D0005120243_00000,ばんぐみ,マシュー・ペリー～揺れる江戸幕府～,歴史にドキリ,幕末、鎖国を続ける日本に、アメリカの使節ペリーが開国を求めて黒船で押し寄せた。ペリーの来航から幕末の動乱を学ぶ。,https://www2.nhk.or.jp/school/watch/bangumi/?das_id=D0005120243_00000,https://www.nhk.or.jp/das/image/D0005120/D0005120243_00000_S_001.jpg,小6,社会,,8220263219000000 8220263221000000,マシュー・ペリー アメリカ海軍 黒船 浦賀 軍艦,PT0H10M0S,2013/11/6 9:40,,,http://www.wikidata.org/entity/Q61855,http://www.wikidata.org/entity/Q11220,http://www.wikidata.org/entity/Q1136943,http://www.wikidata.org/entity/Q2735604,http://www.wikidata.org/entity/Q2031121
D0005120244_00000,ばんぐみ,坂本龍馬～幕末の動乱（倒幕側）～,歴史にドキリ,坂本龍馬は、薩摩藩と長州藩に同盟を呼びかけ、協力して幕府を倒し天皇中心の政府を作ることを目指した。維新へのエネルギーに満ちた幕末の様子を学ぶ。,https://www2.nhk.or.jp/school/watch/bangumi/?das_id=D0005120244_00000,https://www.nhk.or.jp/das/image/D0005120/D0005120244_00000_S_001.jpg,小6,社会,,8220263219000000 8220263221000000,坂本龍馬 西郷隆盛 桂小五郎 木戸孝允 薩摩,PT0H10M0S,2013/11/20 9:40,,,http://www.wikidata.org/entity/Q378450,http://www.wikidata.org/entity/Q310462,http://www.wikidata.org/entity/Q696402,http://www.wikidata.org/entity/Q696402,http://www.wikidata.org/entity/Q676187
D0005120245_00000,ばんぐみ,勝海舟～幕末の動乱（幕府側）～,歴史にドキリ,勝海舟は、その広い視野で尊敬を集める。戊辰戦争では幕府側として、戦わずに江戸城を明け渡す「無血開城」にこぎつけた。勝の活躍をとおし、幕末期の動乱を見る。,https://www2.nhk.or.jp/school/watch/bangumi/?das_id=D0005120245_00000,https://www.nhk.or.jp/das/image/D0005120/D0005120245_00000_S_001.jpg,小6,社会,,8220263219000000 8220263221000000,勝海舟 西郷隆盛 江戸城無血開城 薩長同盟 大政奉還,PT0H10M0S,2013/12/4 9:40,,,http://www.wikidata.org/entity/Q700470,http://www.wikidata.org/entity/Q310462,http://www.wikidata.org/entity/Q715559,http://www.wikidata.org/entity/Q700896,http://www.wikidata.org/entity/Q709528
D0005120246_00000,ばんぐみ,板垣退助・大隈重信～明治の国づくり（議会政治）～,歴史にドキリ,明治政府への不満が高まると、多くの国民の政治参加を求める自由民権運動が広がった。国会開催と憲法制定を求めた板垣退助・大隈重信の活動から議会政治の誕生を学ぶ。,https://www2.nhk.or.jp/school/watch/bangumi/?das_id=D0005120246_00000,https://www.nhk.or.jp/das/image/D0005120/D0005120246_00000_S_001.jpg,小6,社会,,822026321A000000 8220263221000000,明治時代 板垣退助 大隈重信 薩摩 長州,PT0H10M0S,2014/1/8 9:40,,,http://www.wikidata.org/entity/Q3125096,http://www.wikidata.org/entity/Q456380,http://www.wikidata.org/entity/Q243141,http://www.wikidata.org/entity/Q676187,http://www.wikidata.org/entity/Q876267
D0005120247_00000,ばんぐみ,福沢諭吉～文明開化～,歴史にドキリ,福澤諭吉は『学問のすゝめ』で、平等と個人の自立が西洋文明を支えていると説き、西洋のうわべではなく精神を学ぼうと呼びかけた。明治の文明が花開く様子を知る。,https://www2.nhk.or.jp/school/watch/bangumi/?das_id=D0005120247_00000,https://www.nhk.or.jp/das/image/D0005120/D0005120247_00000_S_001.jpg,小6,社会,,822026321A000000 8220263221000000,幕末 開国 明治時代 福沢諭吉 英語,PT0H10M0S,2014/1/22 9:40,,,http://www.wikidata.org/entity/Q804558,http://www.wikidata.org/entity/Q136083481,http://www.wikidata.org/entity/Q3125096,http://www.wikidata.org/entity/Q355447,http://www.wikidata.org/entity/Q1860
D0005120248_00000,ばんぐみ,平塚らいてう・田中正造～市民運動の高まり～,歴史にドキリ,明治時代後期。足尾鉱毒事件の公害問題に尽力した田中正造と、女性の地位向上に努めた平塚らいてうの活動を学び、この頃の暮らしや社会の変化を見る。,https://www2.nhk.or.jp/school/watch/bangumi/?das_id=D0005120248_00000,https://www.nhk.or.jp/das/image/D0005120/D0005120248_00000_S_001.jpg,小6,社会,,822026321A000000 8220263221000000,明治時代 平塚らいてう らいちょう 女性解放運動 青鞜,PT0H10M0S,2014/2/5 9:40,,,http://www.wikidata.org/entity/Q3125096,http://www.wikidata.org/entity/Q508522,http://www.wikidata.org/entity/Q508522,http://www.wikidata.org/entity/Q15580856,http://www.wikidata.org/entity/Q3894460
D0005120249_00000,ばんぐみ,夏目漱石・樋口一葉～明治時代の文学～,歴史にドキリ,夏目漱石は、教師の奮闘を描いた『坊ちゃん』を、樋口一葉は貧しい女性の生き方を描いた『たけくらべ』などを著した。ふたりの作品をとおして明治の世を見つめる。,https://www2.nhk.or.jp/school/watch/bangumi/?das_id=D0005120249_00000,https://www.nhk.or.jp/das/image/D0005120/D0005120249_00000_S_001.jpg,小6,社会,,822026321A000000 8220263221000000,明治時代 夏目漱石 小説 吾輩は猫である 坊っちゃん,PT0H10M0S,2014/2/19 9:40,,,http://www.wikidata.org/entity/Q3125096,http://www.wikidata.org/entity/Q180903,http://www.wikidata.org/entity/Q59126,http://www.wikidata.org/entity/Q35690,http://www.wikidata.org/entity/Q1190533
D0005120250_00000,ばんぐみ,戦争そして戦後,歴史にドキリ,明治時代以降、近代化し急速に力をつけていった日本。やがて国の利益をめぐって、外国との戦争を経験する。戦争そして戦後の復興と平和を見つめる。,https://www2.nhk.or.jp/school/watch/bangumi/?das_id=D0005120250_00000,https://www.nhk.or.jp/das/image/D0005120/D0005120250_00000_S_001.jpg,小6,社会,,822026321B000000 8220263221000000,富国強兵 日清戦争 日露戦争 昭和 不景気,PT0H10M0S,2014/3/5 9:40,,,http://www.wikidata.org/entity/Q707219,http://www.wikidata.org/entity/Q178687,http://www.wikidata.org/entity/Q159950,http://www.wikidata.org/entity/Q327567,http://www.wikidata.org/entity/Q176494
D0005120251_00000,ばんぐみ,フランシスコ・ザビエル～キリスト教の伝来・ヨーロッパとの交流～,歴史にドキリ,戦国時代、日本にキリスト教を伝えたのがスペイン人宣教師・フランシスコ＝ザビエル。のちに多くの宣教師が来日するとともに、南蛮貿易も始まった。,https://www2.nhk.or.jp/school/watch/bangumi/?das_id=D0005120251_00000,https://www.nhk.or.jp/das/image/D0005120/D0005120251_00000_S_001.jpg,小6,社会,,8220263216000000 8220263221000000,室町時代 戦国時代 フランシスコザビエル １５４９年 宣教師,PT0H10M0S,2013/9/11 9:40,,,http://www.wikidata.org/entity/Q334845,http://www.wikidata.org/entity/Q204023,http://www.wikidata.org/entity/Q163900,,http://www.wikidata.org/entity/Q219477
D0005120256_00000,ばんぐみ,卑弥呼～むらからくにへ～,歴史にドキリ,邪馬台国の女王・卑弥呼が生きたとされる時代を見つめ、稲作をきっかけに争いが起こり、むらがくにへと発展していく様子や、豪族と王のおこりを見る。,https://www2.nhk.or.jp/school/watch/bangumi/?das_id=D0005120256_00000,https://www.nhk.or.jp/das/image/D0005120/D0005120256_00000_S_001.jpg,小6,社会,,8220263211000000 8220263221000000,卑弥呼 吉野ヶ里 米 稲作 むら,PT0H10M0S,2012/4/1 9:50,,,http://www.wikidata.org/entity/Q234451,,http://www.wikidata.org/entity/Q5090,http://www.wikidata.org/entity/Q734080,http://www.wikidata.org/entity/Q532
D0005120257_00000,ばんぐみ,聖武天皇・行基～大仏はなぜ作られたか～,歴史にドキリ,奈良にある巨大な大仏が、聖武天皇の時代になぜ造られたのかを、仏教が全国に広まっていった背景と絡めて考え、「大仏をつくる詔」にみる聖武天皇の思いを見つめる。,https://www2.nhk.or.jp/school/watch/bangumi/?das_id=D0005120257_00000,https://www.nhk.or.jp/das/image/D0005120/D0005120257_00000_S_001.jpg,小6,社会,,8220263212000000 8220263221000000,聖武天皇 行基 仏教 大仏 奈良,PT0H10M0S,2012/4/25 9:50,,,http://www.wikidata.org/entity/Q349263,http://www.wikidata.org/entity/Q1136664,http://www.wikidata.org/entity/Q748,http://www.wikidata.org/entity/Q1051606,http://www.wikidata.org/entity/Q11444975
D0005120260_00000,ばんぐみ,紫式部・清少納言～国風文化の誕生～,歴史にドキリ,遣唐使廃止以来、徐々に育まれていった「国風文化」。紫式部の「源氏物語」や清少納言の「枕草子」などの仮名文字による文学を例に、その特徴や影響を見る。,https://www2.nhk.or.jp/school/watch/bangumi/?das_id=D0005120260_00000,https://www.nhk.or.jp/das/image/D0005120/D0005120260_00000_S_001.jpg,小6,社会,,8220263213000000 8220263221000000,平安 源氏物語 光源氏 枕草子 藤原道長,PT0H10M0S,2012/5/30 9:50,,,http://www.wikidata.org/entity/Q193292,http://www.wikidata.org/entity/Q8269,http://www.wikidata.org/entity/Q997646,http://www.wikidata.org/entity/Q615137,http://www.wikidata.org/entity/Q433133
D0005120501_00000,ばんぐみ,日本国憲法,社会にドキリ,天気予報を知ることも、小学校へ通えるのも、実は憲法があるからだと知ったアッキー。自分たちの暮らしに憲法がどう関わっているのか主体的に考えられるようになっていく。,https://www2.nhk.or.jp/school/watch/bangumi/?das_id=D0005120501_00000,https://www.nhk.or.jp/das/image/D0005120/D0005120501_00000_S_001.jpg,小6,社会,,8220263111000000 8220263113000000 8220263121000000,憲法 天気予報 多目的トイレ 基本的人権 ３つの原則,PT0H10M0S,2020/4/1 15:40,,,http://www.wikidata.org/entity/Q7755,http://www.wikidata.org/entity/Q182868,http://www.wikidata.org/entity/Q2775009,http://www.wikidata.org/entity/Q8458,
D0005120502_00000,ばんぐみ,国民主権,社会にドキリ,国民主権が憲法に定められることになった経緯を知るアッキー。実際に国民の声が反映された事例を探っていくことで、国民主権について主体的に考えられるようになっていく。,https://www2.nhk.or.jp/school/watch/bangumi/?das_id=D0005120502_00000,https://www.nhk.or.jp/das/image/D0005120/D0005120502_00000_S_001.jpg,小6,社会,,8220263111000000 8220263113000000 8220263121000000,日本国憲法 国民が主役 国民の意見 教科書無償化 くらしの中の国民主権,PT0H10M0S,2020/4/2 15:40,,,http://www.wikidata.org/entity/Q237082,,,,
D0005120503_00000,ばんぐみ,平和主義,社会にドキリ,昔のことだと思っていた戦争の傷跡が、今も各所に残っていることに気づくアッキー。平和を保つために何ができるのか、主体的に考えられるようになっていく。,https://www2.nhk.or.jp/school/watch/bangumi/?das_id=D0005120503_00000,https://www.nhk.or.jp/das/image/D0005120/D0005120503_00000_S_001.jpg,小6,社会,,8220263111000000 8220263113000000 8220263121000000,基本的人権の尊重 国民主権 平和主義 戦争の放棄 平和への誓い,PT0H10M0S,2020/4/3 15:40,,,,http://www.wikidata.org/entity/Q285950,http://www.wikidata.org/entity/Q58848,http://www.wikidata.org/entity/Q11507619,
D0005120504_00000,ばんぐみ,権利と義務,社会にドキリ,税金のおかげで教育を受ける権利が守られていると知るアッキー。他にも道路や病院も税金と関係していることを知り、税金は「みんなの権利」を守るためにもあると気づく,https://www2.nhk.or.jp/school/watch/bangumi/?das_id=D0005120504_00000,https://www.nhk.or.jp/das/image/D0005120/D0005120504_00000_S_001.jpg,小6,社会,,8220263111000000 8220263113000000 8220263121000000,税金 義務教育 教育を受けさせる義務  教育を受けられる権利,PT0H10M0S,2020/5/13 9:50,,,,http://www.wikidata.org/entity/Q511009,,,
D0005120505_00000,ばんぐみ,三権の役割,社会にドキリ,「三権」の働きについて理解したつもりのアッキーだったが…。裁判員制度を詳しく知ることで、三権に国民が関わることの大切さを、主体的に考えられるようになっていく,https://www2.nhk.or.jp/school/watch/bangumi/?das_id=D0005120505_00000,https://www.nhk.or.jp/das/image/D0005120/D0005120505_00000_S_001.jpg,小6,社会,,8220263112000000 8220263113000000 8220263122000000,三権 立法権 行政権 司法権 国民,PT0H10M0S,2020/5/20 9:50,,,http://www.wikidata.org/entity/Q79896,http://www.wikidata.org/entity/Q49371,http://www.wikidata.org/entity/Q35798,http://www.wikidata.org/entity/Q105985,http://www.wikidata.org/entity/Q111716014
D0005120506_00000,ばんぐみ,災害復旧と復興,社会にドキリ,災害からは１人では身を守れないことを知るアッキー。調べていくと、国／都道府県／市町村が協力して復旧や復興を進めており、住民の願いが活かされていることに気づく。,https://www2.nhk.or.jp/school/watch/bangumi/?das_id=D0005120506_00000,https://www.nhk.or.jp/das/image/D0005120/D0005120506_00000_S_001.jpg,小6,社会,,8220263112000000 8220263113000000 8220263122000000,災害 復旧 復興 気仙沼市 東日本大震災,PT0H10M0S,2020/7/1 9:50,,,http://www.wikidata.org/entity/Q3839081,http://www.wikidata.org/entity/Q1370468,http://www.wikidata.org/entity/Q11489398,http://www.wikidata.org/entity/Q235746,http://www.wikidata.org/entity/Q3839081
D0005120507_00000,ばんぐみ,地域の開発と活性化,社会にドキリ,地域の課題を解決するために国の支援として税金が使われていることを知るアッキー。そこには地域の活性化に向けた地元の人たちの強い思いがあることに気づく。,https://www2.nhk.or.jp/school/watch/bangumi/?das_id=D0005120507_00000,https://www.nhk.or.jp/das/image/D0005120/D0005120507_00000_S_001.jpg,小6,社会,,8220263112000000 8220263113000000 8220263122000000,地域の開発 地域活性 課題 税金 国の援助,PT0H10M0S,2020/7/15 9:50,,,,,http://www.wikidata.org/entity/Q621184,,
D0005120508_00000,ばんぐみ,世界の国の人々,社会にドキリ,世界の国々とのつながりが増えていることは分かるが、まだ自分事にならないアッキー。日ごろからお互いに交流することで、ともに助け合う存在になれることに気づく。,https://www2.nhk.or.jp/school/watch/bangumi/?das_id=D0005120508_00000,https://www.nhk.or.jp/das/image/D0005120/D0005120508_00000_S_001.jpg,小6,社会,,8220263311000000 8220263313000000 8220263321000000,共生 外国人 国際 交流 世界,PT0H10M0S,2021/2/3 9:50,,,http://www.wikidata.org/entity/Q121610,http://www.wikidata.org/entity/Q473741,http://www.wikidata.org/entity/Q67184449,,http://www.wikidata.org/entity/Q16502
D0005120509_00000,ばんぐみ,世界の国々と日本の国際協力,社会にドキリ,日本のアスリートの世界での活躍に感心するアッキー。国連やＮＧＯやＯＤＡなど日本が世界のなかで重要な役割を果たしていることを知る。,https://www2.nhk.or.jp/school/watch/bangumi/?das_id=D0005120509_00000,https://www.nhk.or.jp/das/image/D0005120/D0005120509_00000_S_001.jpg,小6,社会,,8220263312000000 8220263313000000 8220263322000000,国際連合 ＯＤＡ ＮＧＯ 開発 途上国,PT0H10M0S,2021/2/17 9:50,,,http://www.wikidata.org/entity/Q1065,http://www.wikidata.org/entity/Q9294828,,,http://www.wikidata.org/entity/Q177323
D0005120510_00000,ばんぐみ,世界の人々とともに生きる,社会にドキリ,世界にはさまざまな課題があるけれど、自分は何もできないと後ろ向きなアッキー。ＳＤＧｓを知ることで世界の課題にどう取り組めばいいのか自分事として考えるようになる。,https://www2.nhk.or.jp/school/watch/bangumi/?das_id=D0005120510_00000,https://www.nhk.or.jp/das/image/D0005120/D0005120510_00000_S_001.jpg,小6,社会,,8220263312000000 8220263313000000 8220263322000000,ＳＤＧｓ 国連 持続可能 開発 目標,PT0H10M0S,2021/3/3 9:50,,,http://www.wikidata.org/entity/Q7649586,http://www.wikidata.org/entity/Q1065,http://www.wikidata.org/entity/Q131201,,http://www.wikidata.org/entity/Q4503831
D0005120451_00000,ばんぐみ,どうしていろんな地図があるの？～世界と日本の地域構成～,１０ｍｉｎ．ボックス　　地理,世界地図にはどうしていろいろな種類があるのだろう？それぞれに決まった使い方や目的があるのだろうか。様々な見方をもとにその疑問を探っていく。,https://www2.nhk.or.jp/school/watch/bangumi/?das_id=D0005120451_00000,https://www.nhk.or.jp/das/image/D0005120/D0005120451_00000_S_001.jpg,中1 中2,社会,,83212A3110000000,メルカトル図法 正距方位図法 モルワイデ図法 オーサグラフ 六大陸,PT0H10M0S,2017/9/29 1:25,,,http://www.wikidata.org/entity/Q309372,http://www.wikidata.org/entity/Q1753196,http://www.wikidata.org/entity/Q1141440,http://www.wikidata.org/entity/Q11293194,http://www.wikidata.org/entity/Q11392313
D0005120452_00000,ばんぐみ,世界にはどうしてさまざまな主食があるの？～世界の人々の生活と環境～,１０ｍｉｎ．ボックス　　地理,世界各地の主食は米や小麦を使ったパンやパスタ、とうもろこしなど、地域や文化、歴史によりさまざまある。なぜ違いがあるのか、「気候」などの「見方」をもとに探る。,https://www2.nhk.or.jp/school/watch/bangumi/?das_id=D0005120452_00000,https://www.nhk.or.jp/das/image/D0005120/D0005120452_00000_S_001.jpg,中1 中2,社会,,83212A3210000000 83212A3210000000 83212A3210000000,主食 地域 文化 歴史 気候,PT0H10M0S,2017/10/6 1:25,,,http://www.wikidata.org/entity/Q736427,http://www.wikidata.org/entity/Q739302,http://www.wikidata.org/entity/Q11042,http://www.wikidata.org/entity/Q309,http://www.wikidata.org/entity/Q7937
D0005120453_00000,ばんぐみ,なぜインドではICT関連産業が急速に発展したんだろう？～アジア州～,１０ｍｉｎ．ボックス　　地理,１３億人と世界第二位の人口大国、インド。そのインドで、なぜICT関連産業が急速に発展したのか、「教育」「社会構造」「位置」などの「見方」をもとに探る。,https://www2.nhk.or.jp/school/watch/bangumi/?das_id=D0005120453_00000,https://www.nhk.or.jp/das/image/D0005120/D0005120453_00000_S_001.jpg,中1 中2,社会,,83212A3220100000,アジア州 インド ＩＣＴ 教育 社会構造,PT0H10M0S,2017/10/13 1:25,,,http://www.wikidata.org/entity/Q48,http://www.wikidata.org/entity/668,http://www.wikidata.org/entity/Q5268834,http://www.wikidata.org/entity/Q8434,http://www.wikidata.org/entity/Q211606
D0005120454_00000,ばんぐみ,南アフリカには豊富な資源があるのに どうして貧困が続いているの？～アフリカ州～,１０ｍｉｎ．ボックス　　地理,金やダイヤモンド、レアメタルなどの鉱産資源が豊富な南アフリカ。しかし、いまだに貧困が続いているのはなぜか、「歴史」「経済」「社会構造」の「見方」をもとに探る。,https://www2.nhk.or.jp/school/watch/bangumi/?das_id=D0005120454_00000,https://www.nhk.or.jp/das/image/D0005120/D0005120454_00000_S_001.jpg,中1 中2,社会,,83212A3220300000,アフリカ レアメタル モノカルチャー 黒いダイヤ 経済,PT0H10M0S,2017/10/20 1:25,,,http://www.wikidata.org/entity/Q15,http://www.wikidata.org/entity/Q3299169,http://www.wikidata.org/entity/Q220212,,http://www.wikidata.org/entity/Q159810
D0005120455_00000,ばんぐみ,なぜEUとしてまとまる必要があるの？～世界の諸地域　ヨーロッパ州～,１０ｍｉｎ．ボックス　　地理,言葉や歴史、文化、宗教が違う国々が隣り合うヨーロッパ。なぜEUとしてまとまる必要があるのか、「面積・経済」や「生活」、「待遇と格差」などの「見方」をもとに探る。,https://www2.nhk.or.jp/school/watch/bangumi/?das_id=D0005120455_00000,https://www.nhk.or.jp/das/image/D0005120/D0005120455_00000_S_001.jpg,中1 中2,社会,,83212A3220200000,ヨーロッパ ＥＵ ヨーロッパ連合 通貨 イギリス,PT0H10M0S,2017/10/27 1:25,,,http://www.wikidata.org/entity/Q46,http://www.wikidata.org/entity/Q458,http://www.wikidata.org/entity/Q458,http://www.wikidata.org/entity/Q8142,http://www.wikidata.org/entity/Q145
D0005120456_00000,ばんぐみ,なぜアメリカには人が集まるのだろう？～北アメリカ州～,１０ｍｉｎ．ボックス　　地理,経済やテクノロジーなど世界に大きな影響力があるアメリカ。そこになぜ毎年大勢の移民が世界中から集まってくるのか、「文化」や「競争社会」などの「見方」をもとに探る。,https://www2.nhk.or.jp/school/watch/bangumi/?das_id=D0005120456_00000,https://www.nhk.or.jp/das/image/D0005120/D0005120456_00000_S_001.jpg,中1 中2,社会,,83212A3220400000,アメリカ 移民 開拓 大統領 多民族国家,PT0H10M0S,2017/11/3 1:25,,,http://www.wikidata.org/entity/Q30,http://www.wikidata.org/entity/Q1932461,,http://www.wikidata.org/entity/Q30461,http://www.wikidata.org/entity/Q1641089
D0005120457_00000,ばんぐみ,なぜアマゾンの熱帯雨林は注目を集めているの？～南アメリカ州～,１０ｍｉｎ．ボックス　　地理,様々な生き物や植物が生息するアマゾン。一方、その森林減少で地球温暖化が進む可能性も。なぜアマゾンが注目されるのか「多様性」や「産業」などの「見方」をもとに探る。,https://www2.nhk.or.jp/school/watch/bangumi/?das_id=D0005120457_00000,https://www.nhk.or.jp/das/image/D0005120/D0005120457_00000_S_001.jpg,中1 中2,社会,,83212A3220500000,南アメリカ アマゾン 熱帯雨林 多様性 地球温暖化,PT0H10M0S,2017/11/10 1:25,,,http://www.wikidata.org/entity/Q18,,http://www.wikidata.org/entity/Q199403,http://www.wikidata.org/entity/Q1230584,http://www.wikidata.org/entity/Q7942
D0005120458_00000,ばんぐみ,なぜオーストラリアはアジアとの結びつきが強くなったの？～オセアニア州～,１０ｍｉｎ．ボックス　　地理,近年、アジアとの結びつきが強くなったオーストラリア。これまではイギリスとの結びつきが強かったが、なぜ変化したのか、「位置」や「労働人口」の「見方」をもとに探る。,https://www2.nhk.or.jp/school/watch/bangumi/?das_id=D0005120458_00000,https://www.nhk.or.jp/das/image/D0005120/D0005120458_00000_S_001.jpg,中1 中2,社会,,83212A3220600000,オーストラリア オセアニア州 アジア 労働人口 位置,PT0H10M0S,2017/11/17 1:25,,,http://www.wikidata.org/entity/Q408,http://www.wikidata.org/entity/Q55643,http://www.wikidata.org/entity/Q48,,http://www.wikidata.org/entity/Q17334923
D0005120459_00000,ばんぐみ,どうして和食の食材は豊富なの？～日本の自然環境～,１０ｍｉｎ．ボックス　　地理,今回の疑問は「どうして和食の食材は豊富なの？」ユネスコの無形文化遺産として登録された和食。なぜ多様な食材が使われるのか、「海」や「山地」などの「見方」から探る。,https://www2.nhk.or.jp/school/watch/bangumi/?das_id=D0005120459_00000,https://www.nhk.or.jp/das/image/D0005120/D0005120459_00000_S_001.jpg,中1 中2,社会,,83212A3321000000,和食 海 山地 気候 無形文化遺産,PT0H9M59S,2017/11/24 1:25,,,http://www.wikidata.org/entity/Q234138,http://www.wikidata.org/entity/Q165,http://www.wikidata.org/entity/Q878223,http://www.wikidata.org/entity/Q7937,http://www.wikidata.org/entity/Q59544
D0005120460_00000,ばんぐみ,少子高齢化って何が問題なの？～日本の人口～,１０ｍｉｎ．ボックス　　地理,今回の疑問は「少子高齢化って何が問題なの？」６５歳以上の人口が多く、１５歳未満の人口が少ない日本。その何が問題なのか「経済」や「労働力」などの「見方」から探る。,https://www2.nhk.or.jp/school/watch/bangumi/?das_id=D0005120460_00000,https://www.nhk.or.jp/das/image/D0005120/D0005120460_00000_S_001.jpg,中1 中2,社会,,83212A3322000000,少子高齢化 人口 過疎化 出生率 年金,PT0H10M0S,2017/12/1 1:25,,,http://www.wikidata.org/entity/Q11464591,http://www.wikidata.org/entity/Q33829,http://www.wikidata.org/entity/Q26088153,http://www.wikidata.org/entity/Q203516,http://www.wikidata.org/entity/Q156223
D0005120461_00000,ばんぐみ,なぜ第三次産業の割合がこんなに増えたの？～日本の資源・エネルギーと産業～,１０ｍｉｎ．ボックス　　地理,1920年には３割未満だった第三次産業就業者が2015年には７割以上に増えた。なぜ第三次産業の割合が増えたのか「人々の暮らし」や「貿易」などの「見方」から探る。,https://www2.nhk.or.jp/school/watch/bangumi/?das_id=D0005120461_00000,https://www.nhk.or.jp/das/image/D0005120/D0005120461_00000_S_001.jpg,中1 中2,社会,,83212A3323000000,第一次産業 第二次産業 第三次産業 貿易 価格競争,PT0H10M0S,2017/12/8 1:25,,,http://www.wikidata.org/entity/Q55640,http://www.wikidata.org/entity/Q55639,http://www.wikidata.org/entity/Q55638,http://www.wikidata.org/entity/Q178803,http://www.wikidata.org/entity/Q2668479
D0005120462_00000,ばんぐみ,通信販売はどうして発展したの？～日本の交通・通信～,１０ｍｉｎ．ボックス　　地理,今回の疑問は「通信販売はどうして発展したの？」売り上げが２０年前と比べ３倍程もある通販。なぜこんなに発展したのか、「通信」や「交通」などの「見方」をもとに探る。,https://www2.nhk.or.jp/school/watch/bangumi/?das_id=D0005120462_00000,https://www.nhk.or.jp/das/image/D0005120/D0005120462_00000_S_001.jpg,中1 中2,社会,,83212A3324000000,インターネット スマホ 通信 交通 通販,PT0H10M0S,2017/12/15 1:25,,,http://www.wikidata.org/entity/Q75,http://www.wikidata.org/entity/Q22645,http://www.wikidata.org/entity/Q1472062,http://www.wikidata.org/entity/Q7590,http://www.wikidata.org/entity/Q425779
D0005120463_00000,ばんぐみ,なぜ九州地方には外国の船がたくさん来るの？～九州地方～,１０ｍｉｎ．ボックス　　地理,今回の疑問は「なぜ九州地方には外国の船がたくさん来るの？」。博多港には、外国のクルーズ船が多く寄航するが、それはなぜなのか、「位置」などの「見方」をもとに探る。,https://www2.nhk.or.jp/school/watch/bangumi/?das_id=D0005120463_00000,https://www.nhk.or.jp/das/image/D0005120/D0005120463_00000_S_001.jpg,中1 中2,社会,,83212A3334000000,クルーズ船 位置 外国人 自然環境 農業,PT0H10M0S,2018/1/12 1:25,,,http://www.wikidata.org/entity/Q39804,http://www.wikidata.org/entity/Q17334923,http://www.wikidata.org/entity/Q473741,http://www.wikidata.org/entity/Q43619,http://www.wikidata.org/entity/Q11451
D0005120464_00000,ばんぐみ,なぜ瀬戸内の島々に人が集まるの？～中国・四国地方～,１０ｍｉｎ．ボックス　　地理,今回の疑問は「なぜ瀬戸内の島々に人が集まるの？」。国内外から大勢の観光客が訪れる瀬戸内。それはなぜなのか、「地域の課題」などの「見方」をもとに探る。,https://www2.nhk.or.jp/school/watch/bangumi/?das_id=D0005120464_00000,https://www.nhk.or.jp/das/image/D0005120/D0005120464_00000_S_001.jpg,中1 中2,社会,,83212A3331000000,過疎 観光客 アート 直島 豊島,PT0H10M0S,2018/1/19 1:25,,,http://www.wikidata.org/entity/Q646147,http://www.wikidata.org/entity/Q5633897,http://www.wikidata.org/entity/Q1239456,http://www.wikidata.org/entity/Q20267482,http://www.wikidata.org/entity/Q7705474
D0005120465_00000,ばんぐみ,なぜ京都の看板は目立たないの？～近畿地方～,１０ｍｉｎ．ボックス　　地理,今回の疑問は「なぜ京都の看板は目立たないの？」。京都市内にはほとんど看板が見当たらないが、それはなぜなのか、「市民の思い」などの見方をもとに探っていく。,https://www2.nhk.or.jp/school/watch/bangumi/?das_id=D0005120465_00000,https://www.nhk.or.jp/das/image/D0005120/D0005120465_00000_S_001.jpg,中1 中2,社会,,83212A3335000000,観光客 市民 伝統 景観 価値観,PT0H10M0S,2018/1/26 1:25,,,http://www.wikidata.org/entity/Q5633897,http://www.wikidata.org/entity/Q1020994,http://www.wikidata.org/entity/Q82821,http://www.wikidata.org/entity/Q10928427,
D0005120466_00000,ばんぐみ,北陸はどうして地場産業が盛んなの？～中部地方～,１０ｍｉｎ．ボックス　　地理,今回の疑問は「北陸はどうして地場産業が盛んなの？」。北陸には、金沢の金箔や富山の銅器など地場産業が盛んだ。それはなぜなのか、「気候」などの「見方」をもとに探る。,https://www2.nhk.or.jp/school/watch/bangumi/?das_id=D0005120466_00000,https://www.nhk.or.jp/das/image/D0005120/D0005120466_00000_S_001.jpg,中1 中2,社会,,83212A3333000000,豪雪地帯 雪 メガネ産業 金箔 気候,PT0H10M0S,2018/2/2 1:25,,,http://www.wikidata.org/entity/Q866733,http://www.wikidata.org/entity/Q7561,,http://www.wikidata.org/entity/Q929186,http://www.wikidata.org/entity/Q7937
D0005120467_00000,ばんぐみ,なぜ群馬県には多くの外国人が暮らしているの？～関東地方～,１０ｍｉｎ．ボックス　　地理,今回の疑問は「 なぜ群馬県には多くの外国人が暮らしているの？」。外国人の住む割合が全国で３番目に多い群馬県。なぜそうなのか、「産業」などの「見方」をもとに探る。,https://www2.nhk.or.jp/school/watch/bangumi/?das_id=D0005120467_00000,https://www.nhk.or.jp/das/image/D0005120/D0005120467_00000_S_001.jpg,中1 中2,社会,,83212A3332000000,大泉町 産業 工業地帯 北関東工業地域 町づくり,PT0H10M0S,2018/2/9 1:25,,,http://www.wikidata.org/entity/Q385080,http://www.wikidata.org/entity/Q268592,http://www.wikidata.org/entity/Q1662024,http://www.wikidata.org/entity/Q9501371,http://www.wikidata.org/entity/Q718998
D0005120468_00000,ばんぐみ,なぜ東北地方では果物の栽培が盛んなの？～東北地方～,１０ｍｉｎ．ボックス　　地理,今回の疑問は「なぜ東北地方では果物の栽培が盛んなの？」。りんごやさくらんぼなど東北では果物の栽培が盛んな県が多い。なぜなのか、「歴史」などの見方をもとに探る。,https://www2.nhk.or.jp/school/watch/bangumi/?das_id=D0005120468_00000,https://www.nhk.or.jp/das/image/D0005120/D0005120468_00000_S_001.jpg,中1 中2,社会,,83212A3333000000,りんご さくらんぼ 西洋なし やまぶどう 歴史,PT0H10M0S,2018/2/16 1:25,,,http://www.wikidata.org/entity/Q89,http://www.wikidata.org/entity/Q196,http://www.wikidata.org/entity/Q146281,http://www.wikidata.org/entity/Q1367334,http://www.wikidata.org/entity/Q309
D0005120469_00000,ばんぐみ,なぜ北海道ではたくさんの食材がとれるの？～北海道地方～,１０ｍｉｎ．ボックス　　地理,今回の疑問は「なぜ北海道ではたくさんの食材がとれるの？」。北海道はじゃがいもやホタテなど、食材がたくさんとれるがなぜなのか、「土地」などの見方をもとに探る。,https://www2.nhk.or.jp/school/watch/bangumi/?das_id=D0005120469_00000,https://www.nhk.or.jp/das/image/D0005120/D0005120469_00000_S_001.jpg,中1 中2,社会,,83212A3331000000,石狩平野 酪農 漁業 農業 亜寒帯気候,PT0H10M0S,2018/2/23 1:25,,,http://www.wikidata.org/entity/Q1045272,http://www.wikidata.org/entity/Q637776,http://www.wikidata.org/entity/Q180538,http://www.wikidata.org/entity/Q11451,http://www.wikidata.org/entity/Q1651358
D0005120470_00000,ばんぐみ,もし洪水が起きたら？～身近な地域の調査　将来どうする？～,１０ｍｉｎ．ボックス　　地理,洪水による被害がたびたび起きた東京都葛飾区水元地区。もし洪水が起きたらどう考え、行動すればいいか、「地域の特徴」や「自分の行動」などの見方をもとに探る。,https://www2.nhk.or.jp/school/watch/bangumi/?das_id=D0005120470_00000,https://www.nhk.or.jp/das/image/D0005120/D0005120470_00000_S_001.jpg,中1 中2,社会,,83212A3340000000 83212A3341200000 83212A3342100000,ハザードマップ 地域 行動 調査 将来,PT0H10M0S,2018/3/2 1:25,,,http://www.wikidata.org/entity/Q5687679,http://www.wikidata.org/entity/Q739302,http://www.wikidata.org/entity/Q9332,http://www.wikidata.org/entity/Q814232,http://www.wikidata.org/entity/Q344
D0005120521_00000,ばんぐみ,江戸幕府はなぜ長く続いたのか？,アクティブ１０　レキデリ,今回のテーマは、ズバリ！江戸幕府はなぜ長く続いたのか？徳川２６０年のなぞに迫る！≪レキデリ≫が持ってきた歴史的に重要な３つの資料から読み解いていきます。,https://www2.nhk.or.jp/school/watch/bangumi/?das_id=D0005120521_00000,https://www.nhk.or.jp/das/image/D0005120/D0005120521_00000_S_001.jpg,中1 中2 中3,社会,,8.32E+15,江戸幕府 将軍 領地 参勤交代 出島,PT0H10M0S,2020/9/25 0:55,,,http://www.wikidata.org/entity/Q205662,http://www.wikidata.org/entity/Q83460,http://www.wikidata.org/entity/Q155231,http://www.wikidata.org/entity/Q1151844,http://www.wikidata.org/entity/Q640267
D0005120522_00000,ばんぐみ,ヤマト王権はどうやって権力を広げた？,アクティブ１０　レキデリ,今回のテーマは、ズバリ！「ヤマト王権はどうやって権力を広げた？」古代王権のなぞに迫る！歴史資料デリバリー会社≪レキデリ≫が持ってきた３つの資料から読み解きます。,https://www2.nhk.or.jp/school/watch/bangumi/?das_id=D0005120522_00000,https://www.nhk.or.jp/das/image/D0005120/D0005120522_00000_S_001.jpg,中1 中2 中3,社会,,8.32E+15,ヤマト王権 古墳 鉄剣 稲荷山古墳 雄略天皇,PT0H10M0S,2020/10/9 0:55,,,http://www.wikidata.org/entity/Q2658252,http://www.wikidata.org/entity/Q1141225,http://www.wikidata.org/entity/Q116529562,http://www.wikidata.org/entity/Q3198272,http://www.wikidata.org/entity/Q357235
D0005120523_00000,ばんぐみ,元はなぜ日本を攻めた？,アクティブ１０　レキデリ,今回のテーマは、ズバリ！「元はなぜ日本を攻めた？」2度に渡って攻めてきた帝国の野望に迫る！歴史資料デリバリー会社≪レキデリ≫が持ってきた資料から読み解きます。,https://www2.nhk.or.jp/school/watch/bangumi/?das_id=D0005120523_00000,https://www.nhk.or.jp/das/image/D0005120/D0005120523_00000_S_001.jpg,中1 中2 中3,社会,,8.32E+15,元寇 文永の役 弘安の役 北条時宗 鎌倉幕府,PT0H10M0S,2020/10/23 0:55,,,http://www.wikidata.org/entity/Q208156,http://www.wikidata.org/entity/Q2237386,http://www.wikidata.org/entity/Q2237622,http://www.wikidata.org/entity/Q430964,http://www.wikidata.org/entity/Q736839
D0005120524_00000,ばんぐみ,戦後 なぜ経済復興が進んだ？,アクティブ１０　レキデリ,今回のテーマは、ズバリ！「戦後 なぜ経済復興が進んだ？」。終戦から奇跡の復興を遂げた日本経済のカラクリに迫ります！≪レキデリ≫が持ってきた資料から読み解きます。,https://www2.nhk.or.jp/school/watch/bangumi/?das_id=D0005120524_00000,https://www.nhk.or.jp/das/image/D0005120/D0005120524_00000_S_001.jpg,中1 中2 中3,社会,,8.32E+15,加工貿易 朝鮮戦争 特需 三種の神器 ＧＨＱ,PT0H10M0S,2020/11/6 0:55,,,http://www.wikidata.org/entity/Q11398621,http://www.wikidata.org/entity/Q8663,http://www.wikidata.org/entity/Q11571098,http://www.wikidata.org/entity/Q462598,http://www.wikidata.org/entity/Q471889
D0005120525_00000,ばんぐみ,宣教師はなぜ日本に来た？,アクティブ１０　レキデリ,今回のテーマは「宣教師はなぜ日本に来た？」その知られざる謎に迫る！？歴史資料デリバリー会社≪レキデリ≫が持ってきた当時のヨーロッパ情勢を知る資料から読み解く。,https://www2.nhk.or.jp/school/watch/bangumi/?das_id=D0005120525_00000,https://www.nhk.or.jp/das/image/D0005120/D0005120525_00000_S_001.jpg,中1 中2 中3,社会,,8.32E+15,キリスト教 宣教師 ザビエル イエズス会 植民地政策,PT0H10M0S,2020/11/20 0:55,,,http://www.wikidata.org/entity/Q5043,http://www.wikidata.org/entity/Q219477,http://www.wikidata.org/entity/Q163900,http://www.wikidata.org/entity/Q36380,
D0005120526_00000,ばんぐみ,藤原氏はなぜ権力を握れた？,アクティブ１０　レキデリ,今回のテーマは、ズバリ！「藤原氏はなぜ権力を握れた？」歴史資料デリバリー会社≪レキデリ≫が持ってきた平安貴族・藤原道長の資料から、その謎に迫ります！,https://www2.nhk.or.jp/school/watch/bangumi/?das_id=D0005120526_00000,https://www.nhk.or.jp/das/image/D0005120/D0005120526_00000_S_001.jpg,中1 中2 中3,社会,,8.32E+15,平安貴族 藤原道長 紫式部 源氏物語 紫式部日記絵巻,PT0H10M0S,2020/12/4 0:55,,,http://www.wikidata.org/entity/Q11482408,http://www.wikidata.org/entity/Q433133,http://www.wikidata.org/entity/Q81731,http://www.wikidata.org/entity/Q8269,http://www.wikidata.org/entity/Q3443334
D0005120527_00000,ばんぐみ,鎌倉幕府はどうやって勢力を広げた？,アクティブ１０　レキデリ,関東を支配する地方勢力にすぎなかった鎌倉幕府。どうやって全国の武士を従えるようになったのか？歴史資料デリバリー会社≪レキデリ≫の資料をもとに読み解きます。,https://www2.nhk.or.jp/school/watch/bangumi/?das_id=D0005120527_00000,https://www.nhk.or.jp/das/image/D0005120/D0005120527_00000_S_001.jpg,中1 中2 中3,社会,,8.32E+15,鎌倉幕府 承久の乱 後鳥羽上皇 源実朝 北条義時,PT0H10M0S,2021/1/8 0:55,,,http://www.wikidata.org/entity/Q736839,http://www.wikidata.org/entity/Q1372308,http://www.wikidata.org/entity/Q316658,http://www.wikidata.org/entity/Q174249,http://www.wikidata.org/entity/Q1028811
D0005120528_00000,ばんぐみ,江戸幕府はなぜ不平等条約を結んだ？,アクティブ１０　レキデリ,今回のテーマは、ズバリ！「江戸幕府はなぜ不平等条約を結んだ？」アメリカと結んだ日米修好通商条約。当時の世界情勢から読み解くと意外な事実が明らかに！？,https://www2.nhk.or.jp/school/watch/bangumi/?das_id=D0005120528_00000,https://www.nhk.or.jp/das/image/D0005120/D0005120528_00000_S_001.jpg,中1 中2 中3,社会,,8.32E+15,日米修好通商条約 ハリス 井伊直弼 自由貿易 アヘン戦争,PT0H10M0S,2021/1/22 0:55,,,http://www.wikidata.org/entity/Q1194699,,http://www.wikidata.org/entity/Q716940,http://www.wikidata.org/entity/Q200435,http://www.wikidata.org/entity/Q191282
D0005120529_00000,ばんぐみ,明治政府はどんな国を目指した？,アクティブ１０　レキデリ,歴史資料をオンラインでお届け！？今回のテーマは、ズバリ！「明治政府はどんな国を目指した？」。日本近代化の行方を探る旅『岩倉使節団』の資料から読み解きます。,https://www2.nhk.or.jp/school/watch/bangumi/?das_id=D0005120529_00000,https://www.nhk.or.jp/das/image/D0005120/D0005120529_00000_S_001.jpg,中1 中2 中3,社会,,8.32E+15,明治維新 岩倉具視 大久保利通 木戸孝允 伊藤博文,PT0H10M0S,2021/2/5 0:55,,,http://www.wikidata.org/entity/Q8707,http://www.wikidata.org/entity/Q428200,http://www.wikidata.org/entity/Q356118,http://www.wikidata.org/entity/Q696402,http://www.wikidata.org/entity/Q174971
D0005120530_00000,ばんぐみ,日本はなぜ日中戦争に？,アクティブ１０　レキデリ,歴史資料をオンラインでお届け！？今回のテーマは、ズバリ！「日本はなぜ日中戦争に？」。『満州国』建国当時の日本国内の様子がわかる新聞記事から読み解きます。,https://www2.nhk.or.jp/school/watch/bangumi/?das_id=D0005120530_00000,https://www.nhk.or.jp/das/image/D0005120/D0005120530_00000_S_001.jpg,中1 中2 中3,社会,,8.32E+15,日中戦争 太平洋戦争 満州事変 満州国 溥儀,PT0H10M0S,2021/2/19 0:55,,,http://www.wikidata.org/entity/Q170314,http://www.wikidata.org/entity/Q184425,http://www.wikidata.org/entity/Q242099,http://www.wikidata.org/entity/Q30623,http://www.wikidata.org/entity/Q185152
D0005120531_00000,ばんぐみ,稲作は社会をどう変えた？,アクティブ１０　レキデリ,今回のテーマは、「稲作は社会をどう変えた？」。日本に稲作が広がったのは、弥生時代の中頃。狩猟採集から農耕中心の暮らしの変化で、社会はどう変わったのか探究する！,https://www2.nhk.or.jp/school/watch/bangumi/?das_id=D0005120531_00000,https://www.nhk.or.jp/das/image/D0005120/D0005120531_00000_S_001.jpg,中1 中2 中3,社会,,8.32E+15,稲作 登呂遺跡 吉野ヶ里遺跡 金印 人骨,PT0H10M0S,2021/4/8 15:40,,,http://www.wikidata.org/entity/Q734080,http://www.wikidata.org/entity/Q673607,http://www.wikidata.org/entity/Q1049645,http://www.wikidata.org/entity/Q11646566,http://www.wikidata.org/entity/Q25513701
D0005120532_00000,ばんぐみ,白村江の戦いで日本はどうなった？,アクティブ１０　レキデリ,今回のテーマは、「白村江の戦いで日本はどうなった？」。日本が、唐と新羅の連合軍と戦って負けた白村江の戦い。その影響を、当時の国内情勢を知る資料から探究する！,https://www2.nhk.or.jp/school/watch/bangumi/?das_id=D0005120532_00000,https://www.nhk.or.jp/das/image/D0005120/D0005120532_00000_S_001.jpg,中1 中2 中3,社会,,8.32E+15,白村江の戦い 中大兄皇子 水城 山城 日本書紀,PT0H10M0S,2021/4/29 15:40,,,http://www.wikidata.org/entity/Q608727,http://www.wikidata.org/entity/Q314802,http://www.wikidata.org/entity/Q11548410,http://www.wikidata.org/entity/Q123314524,http://www.wikidata.org/entity/Q813935
D0005120533_00000,ばんぐみ,東大寺の大仏はなぜ造られた？,アクティブ１０　レキデリ,今回のテーマは、「東大寺の大仏はなぜ造られた？」。天平文化を代表する大仏。造られた背景には、どんな事情があったのか？当時の国際情勢を知る資料から探究する。,https://www2.nhk.or.jp/school/watch/bangumi/?das_id=D0005120533_00000,https://www.nhk.or.jp/das/image/D0005120/D0005120533_00000_S_001.jpg,中1 中2 中3,社会,,8.32E+15,東大寺 大仏 天平文化 遣唐使 国分寺,PT0H10M0S,2021/5/13 15:40,,,http://www.wikidata.org/entity/Q460367,http://www.wikidata.org/entity/Q1051606,http://www.wikidata.org/entity/Q5525117,http://www.wikidata.org/entity/Q262529,http://www.wikidata.org/entity/Q1207757
D0005120534_00000,ばんぐみ,応仁の乱がもたらした影響は？,アクティブ１０　レキデリ,今回のテーマは、ズバリ！「応仁の乱がもたらした影響は？」歴史資料デリバリー会社≪レキデリ≫が持ってきた資料から社会が変貌していく姿に迫る！,https://www2.nhk.or.jp/school/watch/bangumi/?das_id=D0005120534_00000,https://www.nhk.or.jp/das/image/D0005120/D0005120534_00000_S_001.jpg,中1 中2 中3,社会,,8.32E+15,応仁の乱 守護大名 一条家 蹴鞠 連歌,PT0H10M0S,2021/6/10 15:40,,,http://www.wikidata.org/entity/Q385676,http://www.wikidata.org/entity/Q5368717,http://www.wikidata.org/entity/Q1535498,http://www.wikidata.org/entity/Q12224003,http://www.wikidata.org/entity/Q1506883
D0005120535_00000,ばんぐみ,室町時代　琉球はなぜ栄えていた？,アクティブ１０　レキデリ,今回のテーマは、ズバリ！「室町時代　琉球はなぜ栄えていた？」。知られざる琉球繁栄のなぞに、歴史資料デリバリー会社≪レキデリ≫が持ってきた資料から迫ります！,https://www2.nhk.or.jp/school/watch/bangumi/?das_id=D0005120535_00000,https://www.nhk.or.jp/das/image/D0005120/D0005120535_00000_S_001.jpg,中1 中2 中3,社会,,8.32E+15,琉球 中継貿易 倭寇 朝貢貿易 泡盛,PT0H10M0S,2021/6/17 15:40,,,http://www.wikidata.org/entity/Q15899665,http://www.wikidata.org/entity/Q11366892,http://www.wikidata.org/entity/Q697605,http://www.wikidata.org/entity/Q748289,http://www.wikidata.org/entity/Q1069948
D0005120536_00000,ばんぐみ,大坂城はなぜ平野に築かれた？,アクティブ１０　レキデリ,今回のテーマは、ズバリ！「大坂城はなぜ平野に築かれた？」歴史資料デリバリー会社≪レキデリ≫が持ってきた資料から、お城の役割と社会の変化の関係性に迫る！,https://www2.nhk.or.jp/school/watch/bangumi/?das_id=D0005120536_00000,https://www.nhk.or.jp/das/image/D0005120/D0005120536_00000_S_001.jpg,中1 中2 中3,社会,,8.32E+15,山城 大坂城 城下町 惣構 鉄砲,PT0H10M0S,2021/7/1 15:40,,,http://www.wikidata.org/entity/Q123314524,http://www.wikidata.org/entity/Q321242,http://www.wikidata.org/entity/Q909458,http://www.wikidata.org/entity/Q11607658,http://www.wikidata.org/entity/Q358057
D0005120537_00000,ばんぐみ,蝦夷錦はどこから来た？,アクティブ１０　レキデリ,今回のテーマは、江戸時代のファッション！豪華な龍のデザインが特徴の服「蝦夷錦（えぞにしき）」のルーツを探ると、アイヌの人々の暮らしや北方貿易の実態が明らかに！,https://www2.nhk.or.jp/school/watch/bangumi/?das_id=D0005120537_00000,https://www.nhk.or.jp/das/image/D0005120/D0005120537_00000_S_001.jpg,中1 中2 中3,社会,,8.32E+15,アイヌ 北方貿易 江戸時代 鎖国 清王朝,PT0H10M0S,2021/7/15 15:40,,,http://www.wikidata.org/entity/Q101828,http://www.wikidata.org/entity/Q11401842,http://www.wikidata.org/entity/Q184963,http://www.wikidata.org/entity/Q332075,http://www.wikidata.org/entity/Q8733
D0005120538_00000,ばんぐみ,江戸時代　なぜ数学がブームになった？,アクティブ１０　レキデリ,今回のテーマは、江戸時代の数学ブーム！その謎を紐解いていくと…商人や武士、農民あらゆる人々の生活に数学が必要になった社会情勢の変化が明らかに！？,https://www2.nhk.or.jp/school/watch/bangumi/?das_id=D0005120538_00000,https://www.nhk.or.jp/das/image/D0005120/D0005120538_00000_S_001.jpg,中1 中2 中3,社会,,8.32E+15,和算 そろばん 年貢米 円周率 江戸時代,PT0H10M0S,2021/8/19 15:40,,,http://www.wikidata.org/entity/Q1735738,http://www.wikidata.org/entity/Q786993,http://www.wikidata.org/entity/Q11483871,http://www.wikidata.org/entity/Q167,http://www.wikidata.org/entity/Q184963
D0005120539_00000,ばんぐみ,普通選挙はなぜ実現した？,アクティブ１０　レキデリ,今回のテーマは、大正時代に実現した普通選挙！納税条件がなくなり満25歳以上のすべての男子が選挙で投票できるようになった理由を、当時の社会情勢から探る！,https://www2.nhk.or.jp/school/watch/bangumi/?das_id=D0005120539_00000,https://www.nhk.or.jp/das/image/D0005120/D0005120539_00000_S_001.jpg,中1 中2 中3,社会,,8.32E+15,普通選挙 治安維持法 第一次世界大戦 マスメディア 都市化,PT0H10M0S,2021/9/9 15:40,,,http://www.wikidata.org/entity/Q319891,http://www.wikidata.org/entity/Q657216,http://www.wikidata.org/entity/Q361,http://www.wikidata.org/entity/Q11033,http://www.wikidata.org/entity/Q161078
D0005120540_00000,ばんぐみ,太平洋戦争でなぜ国民も戦った？,アクティブ１０　レキデリ,太平洋戦争は、軍人だけでなく、全国民が総動員された戦いだった。今回のテーマは、なぜ国民は「お国のために」と戦争に突き進んでいったのか？情報統制という視点で探る！,https://www2.nhk.or.jp/school/watch/bangumi/?das_id=D0005120540_00000,https://www.nhk.or.jp/das/image/D0005120/D0005120540_00000_S_001.jpg,中1 中2 中3,社会,,8.32E+15,太平洋戦争 真珠湾攻撃 ミッドウェー海戦 大東亜共栄圏 情報統制,PT0H10M0S,2021/9/23 15:40,,,http://www.wikidata.org/entity/Q184425,http://www.wikidata.org/entity/Q52418,http://www.wikidata.org/entity/Q173034,http://www.wikidata.org/entity/Q696192,
D0005120541_00000,ばんぐみ,墾田永年私財法はなぜ作られた？,アクティブ１０　レキデリ,開墾した土地は自分のものになるという「墾田永年私財法」。国は、どうして土地の私有を認めたのか？その思惑を東京０３の歴史コントをまじえて探る！,https://www2.nhk.or.jp/school/watch/bangumi/?das_id=D0005120541_00000,https://www.nhk.or.jp/das/image/D0005120/D0005120541_00000_S_001.jpg,中1 中2 中3,社会,,8.32E+15,防人 万葉集 続日本紀 租 庸,PT0H10M0S,2022/9/7 9:50,,,,http://www.wikidata.org/entity/Q834321,http://www.wikidata.org/entity/Q611399,,
D0005120542_00000,ばんぐみ,定期市で庶民の生活はどう変わった？,アクティブ１０　レキデリ,鎌倉時代 定期的に開かれるようになった市場。庶民の暮らしにはどんな影響を与えたのか？「松崎天神縁起絵巻」「一遍上人絵伝」さらに東京０３の歴史コントで紐解く！,https://www2.nhk.or.jp/school/watch/bangumi/?das_id=D0005120542_00000,https://www.nhk.or.jp/das/image/D0005120/D0005120542_00000_S_001.jpg,中1 中2 中3,社会,,8.32E+15,定期市 時宗 一遍上人 宋銭 貨幣,PT0H10M0S,2022/9/14 9:50,,,,http://www.wikidata.org/entity/Q696966,http://www.wikidata.org/entity/Q1056232,http://www.wikidata.org/entity/Q30682698,http://www.wikidata.org/entity/Q1368
D0005120543_00000,ばんぐみ,天明のききん　なぜ被害が拡大した？,アクティブ１０　レキデリ,江戸時代　最大のききん「天明のききん」。被害が拡大した原因は、自然災害だけでなく、幕府や諸藩の政策も大きく関連していた！？東京０３の歴史コントをまじえて紐解く！,https://www2.nhk.or.jp/school/watch/bangumi/?das_id=D0005120543_00000,https://www.nhk.or.jp/das/image/D0005120/D0005120543_00000_S_001.jpg,中1 中2 中3,社会,,8.32E+15,飢饉 天明のききん 徳川吉宗 享保の改革 田沼意次,PT0H10M0S,2022/9/21 9:50,,,http://www.wikidata.org/entity/Q168247,http://www.wikidata.org/entity/Q9030108,http://www.wikidata.org/entity/Q319664,http://www.wikidata.org/entity/Q1795223,http://www.wikidata.org/entity/Q521070
D0005120544_00000,ばんぐみ,明治時代　女性はなぜ工場で働いた？,アクティブ１０　レキデリ,明治時代　産業の近代化を支えていたのは女性だった。女性たちはなぜ工場で働くことになったのか？歴史資料から紐解いていく！,https://www2.nhk.or.jp/school/watch/bangumi/?das_id=D0005120544_00000,https://www.nhk.or.jp/das/image/D0005120/D0005120544_00000_S_001.jpg,中1 中2 中3,社会,,8.32E+15,生糸 富岡製糸場 明治 女工哀史 工場労働,PT0H10M0S,2022/9/28 9:50,,,http://www.wikidata.org/entity/Q37681,http://www.wikidata.org/entity/Q7818931,http://www.wikidata.org/entity/Q3125096,http://www.wikidata.org/entity/Q11446422,
D0005120545_00000,ばんぐみ,高度経済成長は国民に何をもたらした？,アクティブ１０　レキデリ,高度経済成長で国民の所得は増えたものの・・・代償として直面した問題とは？「駅弁のパッケージ」「漫画サザエさん」など身近な資料から紐解いていく！,https://www2.nhk.or.jp/school/watch/bangumi/?das_id=D0005120545_00000,https://www.nhk.or.jp/das/image/D0005120/D0005120545_00000_S_001.jpg,中1 中2 中3,社会,,8.32E+15,高度経済成長 新幹線 東京オリンピック 三種の神器 公害,PT0H10M0S,2022/10/5 9:50,,,http://www.wikidata.org/entity/Q1059474,http://www.wikidata.org/entity/Q164338,http://www.wikidata.org/entity/Q8420,http://www.wikidata.org/entity/Q462598,http://www.wikidata.org/entity/Q2920615
D0005120481_00000,ばんぐみ,"""AI""で社会はどう変わる？",アクティブ１０　公民,SNS、電子マネー、さらにはAI（人工知能）など、情報通信技術は急速に進展している。私たちの生活や社会にどんな影響を与えているのだろう？,https://www2.nhk.or.jp/school/watch/bangumi/?das_id=D0005120481_00000,https://www.nhk.or.jp/das/image/D0005120/D0005120481_00000_S_001.jpg,中3,社会,,8323233111100000 8323233111200000 8323233112100000,情報化 情報社会 インターネット ＳＮＳ コンビニ,PT0H10M0S,2018/9/28 1:25,,,http://www.wikidata.org/entity/Q184708,http://www.wikidata.org/entity/Q184708,http://www.wikidata.org/entity/Q75,http://www.wikidata.org/entity/Q3220391,http://www.wikidata.org/entity/Q7361709
D0005120482_00000,ばんぐみ,グローバル化、キミには関係ない？,アクティブ１０　公民,人、モノ、金、情報が国境を越えて移動する「グローバル社会」。世界の一体化が進むことで、社会にどのような変化が起きているのだろうか。,https://www2.nhk.or.jp/school/watch/bangumi/?das_id=D0005120482_00000,https://www.nhk.or.jp/das/image/D0005120/D0005120482_00000_S_001.jpg,中3,社会,,8323233111100000 8323233111200000 8323233112100000,グローバル化 外国人 観光客 労働者 相互理解,PT0H10M0S,2018/10/5 1:25,,,http://www.wikidata.org/entity/Q7181,http://www.wikidata.org/entity/Q473741,http://www.wikidata.org/entity/Q5633897,http://www.wikidata.org/entity/Q327055,
D0005120483_00000,ばんぐみ,少子高齢化で日本はどうなる？,アクティブ１０　公民,少子高齢化による家庭や地域社会社会保障などへの影響を紹介し、自分たちの身の回りではどんな変化が予想されるかを考える。ピンチをチャンスに変えるアイディアはあるのか,https://www2.nhk.or.jp/school/watch/bangumi/?das_id=D0005120483_00000,https://www.nhk.or.jp/das/image/D0005120/D0005120483_00000_S_001.jpg,中3,社会,,8323233111100000 8323233111200000 8323233112100000,少子高齢化 高齢化 少子化 人口 人口減少,PT0H10M0S,2018/10/12 1:25,,,http://www.wikidata.org/entity/Q11464591,http://www.wikidata.org/entity/Q439112,http://www.wikidata.org/entity/Q598949,http://www.wikidata.org/entity/Q33829,http://www.wikidata.org/entity/Q284137
D0005120484_00000,ばんぐみ,対立から合意を目指すには？,アクティブ１０　公民,「対立」を「合意」に導く「効率と公正」という考え方を紹介する。そして、過疎化と世界環境汚染、２つの例を参考に、自分たちの身の回りの課題について考える。,https://www2.nhk.or.jp/school/watch/bangumi/?das_id=D0005120484_00000,https://www.nhk.or.jp/das/image/D0005120/D0005120484_00000_S_001.jpg,中3,社会,,8323233121100000 8323233121200000 8323233122100000,効率 公正 対立 合意 解決策,PT0H10M0S,2018/10/19 1:25,,,http://www.wikidata.org/entity/Q1034411,http://www.wikidata.org/entity/Q3149193,http://www.wikidata.org/entity/Q180684,http://www.wikidata.org/entity/Q2006324,http://www.wikidata.org/entity/Q21075690
D0005120485_00000,ばんぐみ,憲法はだれのもの？,アクティブ１０　公民,憲法はどんな目的で作られたのだろう？日本国憲法の成り立ちや国民主権などの基本内容を紹介。さらに他国の憲法と比べて、その特徴を考えてみる。,https://www2.nhk.or.jp/school/watch/bangumi/?das_id=D0005120485_00000,https://www.nhk.or.jp/das/image/D0005120/D0005120485_00000_S_001.jpg,中3,社会,,8323233311000000 8323233312100000,憲法 日本国憲法 国民主権 基本的人権の尊重 平和主義,PT0H10M0S,2018/10/26 1:25,,,http://www.wikidata.org/entity/Q7755,http://www.wikidata.org/entity/Q237082,http://www.wikidata.org/entity/Q285950,,http://www.wikidata.org/entity/Q58848
D0005120486_00000,ばんぐみ,“人権”ってなんだ？,アクティブ１０　公民,憲法で保障されているにも関わらず「人権」を侵害する事件は今もなくならない。ハンセン病患者への差別などを例に、人権と人権侵害について考える。,https://www2.nhk.or.jp/school/watch/bangumi/?das_id=D0005120486_00000,https://www.nhk.or.jp/das/image/D0005120/D0005120486_00000_S_001.jpg,中3,社会,,8323233311100000 8323233312100000,基本的人権の尊重 憲法 人権侵害 ハンセン病 自由権,PT0H10M0S,2018/11/2 1:25,,,,http://www.wikidata.org/entity/Q7755,http://www.wikidata.org/entity/Q11376059,http://www.wikidata.org/entity/Q36956,http://www.wikidata.org/entity/Q29556
D0005120487_00000,ばんぐみ,法律はなぜ必要？,アクティブ１０　公民,法律は、いったい誰のどんなことに役立っているのだろう？「男女雇用機会均等法」が作られた過程を参考に考えてみる。,https://www2.nhk.or.jp/school/watch/bangumi/?das_id=D0005120487_00000,https://www.nhk.or.jp/das/image/D0005120/D0005120487_00000_S_001.jpg,中3,社会,,8323233311200000 8323233312100000,法律 立法 国会 男女雇用機会均等法 改正,PT0H10M0S,2018/11/9 1:25,,,http://www.wikidata.org/entity/Q820655,http://www.wikidata.org/entity/Q49371,http://www.wikidata.org/entity/Q202384,http://www.wikidata.org/entity/Q11659346,http://www.wikidata.org/entity/Q1269627
D0005120488_00000,ばんぐみ,内閣の役割って？,アクティブ１０　公民,イマイチよく分からない内閣の仕事。熊本地震での「非常災害対策本部」の活動や、「幼保一元化」への取り組みなど、具体的な事例を紹介し、内閣の役割について考える。,https://www2.nhk.or.jp/school/watch/bangumi/?das_id=D0005120488_00000,https://www.nhk.or.jp/das/image/D0005120/D0005120488_00000_S_001.jpg,中3,社会,,8323233321100000 8323233321200000 8323233322100000,内閣 内閣総理大臣 国務大臣 省庁 行政,PT0H10M0S,2018/11/16 1:25,,,http://www.wikidata.org/entity/Q529012,http://www.wikidata.org/entity/Q274948,http://www.wikidata.org/entity/Q10920986,http://www.wikidata.org/entity/Q192350,http://www.wikidata.org/entity/Q31728
D0005120489_00000,ばんぐみ,地域のことは誰が決める？,アクティブ１０　公民,住民の快適な暮らしを確保するには、自治体による行政サービスが必要となる。そのおもな財源は税収だ。しかし人口の少ない地域では財源の確保が課題となっている。,https://www2.nhk.or.jp/school/watch/bangumi/?das_id=D0005120489_00000,https://www.nhk.or.jp/das/image/D0005120/D0005120489_00000_S_001.jpg,中3,社会,,8323233321400000 8323233322100000,地方自治 自治体 行政サービス 住民 都市部,PT0H10M0S,2018/11/23 1:25,,,http://www.wikidata.org/entity/Q6621940,http://www.wikidata.org/entity/Q15284,,http://www.wikidata.org/entity/Q22947,
D0005120490_00000,ばんぐみ,政治に声を届けるには？,アクティブ１０　公民,選挙権が無くても政治に声を届けられる。議会に陳情して新しい条例ができた例などを通して政治に参加する方法を考える。,https://www2.nhk.or.jp/school/watch/bangumi/?das_id=D0005120490_00000,https://www.nhk.or.jp/das/image/D0005120/D0005120490_00000_S_001.jpg,中3,社会,,8323233321200000 8323233322100000,政治参加 選挙 陳情 署名 住民投票,PT0H10M0S,2018/11/30 1:25,,,http://www.wikidata.org/entity/Q2101513,http://www.wikidata.org/entity/Q40231,,http://www.wikidata.org/entity/Q188675,http://www.wikidata.org/entity/Q16141738
D0005120491_00000,ばんぐみ,公正な裁判とは？,アクティブ１０　公民,２００９年に始まった裁判員制度の仕組みや冤罪事件を取り上げ、自白や目撃証言のあいまいさ、事実認定の難しさ、量刑判断の重みなどを考える。,https://www2.nhk.or.jp/school/watch/bangumi/?das_id=D0005120491_00000,https://www.nhk.or.jp/das/image/D0005120/D0005120491_00000_S_001.jpg,中3,社会,,8323233321100000 8323233321200000 8323233322100000,裁判 裁判員 判決 刑事裁判 裁判官,PT0H10M0S,2018/12/7 1:25,,,http://www.wikidata.org/entity/Q327000,http://www.wikidata.org/entity/Q11626651,http://www.wikidata.org/entity/Q3769186,,http://www.wikidata.org/entity/Q16533
D0005120492_00000,ばんぐみ,“シェアリング”で経済が変わる！？,アクティブ１０　公民,商品やサービスの価格は市場の需要と供給の関係で決まり、価格は景気を左右する。情報技術の発達により拡大しているシェアリングビジネスを例に市場経済の仕組みを考える。,https://www2.nhk.or.jp/school/watch/bangumi/?das_id=D0005120492_00000,https://www.nhk.or.jp/das/image/D0005120/D0005120492_00000_S_001.jpg,中3,社会,,8323233211100000 8323233211200000 8323233211300000,価格 需要 供給 シェアリング 市場経済,PT0H10M0S,2018/12/14 1:25,,,http://www.wikidata.org/entity/Q160151,http://www.wikidata.org/entity/Q190258,http://www.wikidata.org/entity/Q5409930,,http://www.wikidata.org/entity/Q179522
D0005120493_00000,ばんぐみ,仮想通貨って信用できる？,アクティブ１０　公民,国家が価値を保障する通貨とは別に、インターネット上で取引される仮想通貨が様々な場面で利用されはじめている。利用が広まった背景から通貨や金融の役割について考える。,https://www2.nhk.or.jp/school/watch/bangumi/?das_id=D0005120493_00000,https://www.nhk.or.jp/das/image/D0005120/D0005120493_00000_S_001.jpg,中3,社会,,8323233211100000 8323233211200000 8323233211300000,銀行 日本銀行 金融 仮想通貨 金利,PT0H10M0S,2019/1/11 1:25,,,http://www.wikidata.org/entity/Q22687,http://www.wikidata.org/entity/Q333101,http://www.wikidata.org/entity/Q43015,http://www.wikidata.org/entity/Q4112083,http://www.wikidata.org/entity/Q170924
D0005120494_00000,ばんぐみ,“キャッシュレス化”が生み出すものは？,アクティブ１０　公民,クーリングオフなど、消費者保護の仕組みを紹介。さらに、普及が進む「キャッシュレス化」を取り上げ、経済活性化などのメリットとともに、その課題について考える。,https://www2.nhk.or.jp/school/watch/bangumi/?das_id=D0005120494_00000,https://www.nhk.or.jp/das/image/D0005120/D0005120494_00000_S_001.jpg,中3,社会,,8323233211100000 8323233211200000 8323233211300000,消費者 クーリングオフ 消費生活センター キャッシュレス 電子マネー,PT0H10M0S,2019/1/18 1:25,,,http://www.wikidata.org/entity/Q22855,http://www.wikidata.org/entity/Q3043317,http://www.wikidata.org/entity/Q11559478,,http://www.wikidata.org/entity/Q6501095
D0005120495_00000,ばんぐみ,企業ってなにするところ？,アクティブ１０　公民,企業の目的は利益の追求だけだろうか？企業に求められる社会的な責任について考える。さらに若者や女性などの起業を応援する取り組みについて紹介する。,https://www2.nhk.or.jp/school/watch/bangumi/?das_id=D0005120495_00000,https://www.nhk.or.jp/das/image/D0005120/D0005120495_00000_S_001.jpg,中3,社会,,8323233211400000 8323233212100000 8323233212200000,企業 利潤 消費者 起業 コンプライアンス,PT0H10M0S,2019/1/25 1:25,,,http://www.wikidata.org/entity/Q4830453,http://www.wikidata.org/entity/Q26911,http://www.wikidata.org/entity/Q22855,http://www.wikidata.org/entity/Q3908516,http://www.wikidata.org/entity/Q441901
D0005120496_00000,ばんぐみ,税金、安けりゃイイの？,アクティブ１０　公民,所得税や消費税など、日本には４０以上もの税金がある。いったい何に使われているんだろう？具体的な使い道を紹介して、税金が果たす役割について考える。,https://www2.nhk.or.jp/school/watch/bangumi/?das_id=D0005120496_00000,https://www.nhk.or.jp/das/image/D0005120/D0005120496_00000_S_001.jpg,中3,社会,,8323233221200000 8323233222200000,税金 所得税 消費税 納税 義務,PT0H10M0S,2019/2/1 1:25,,,,http://www.wikidata.org/entity/Q179222,http://www.wikidata.org/entity/Q4351853,http://www.wikidata.org/entity/Q16102139,http://www.wikidata.org/entity/Q878070
D0005120497_00000,ばんぐみ,なんのために働くの？,アクティブ１０　公民,労働と対価が見合わない、適正な休暇が取れないなど、様々な問題を解決しようと働き方の見直しが始まっている。アニメ業界などを事例に働き方について考える。,https://www2.nhk.or.jp/school/watch/bangumi/?das_id=D0005120497_00000,https://www.nhk.or.jp/das/image/D0005120/D0005120497_00000_S_001.jpg,中3,社会,,8323233221200000 8323233222200000 8323233212200000,労働 賃金 労働時間 働き方改革 ワークライフバランス,PT0H10M0S,2019/2/8 1:25,,,http://www.wikidata.org/entity/Q268378,http://www.wikidata.org/entity/Q6821213,http://www.wikidata.org/entity/Q260732,http://www.wikidata.org/entity/Q55353780,http://www.wikidata.org/entity/Q763264
D0005120498_00000,ばんぐみ,理想のエネルギーってなに？,アクティブ１０　公民,生活に欠かせない電気。世界の発電エネルギーは火力から、太陽光や風力などの再生可能エネルギーに大きくシフトしている。各国の取組みから日本が目指すべきことを考える。,https://www2.nhk.or.jp/school/watch/bangumi/?das_id=D0005120498_00000,https://www.nhk.or.jp/das/image/D0005120/D0005120498_00000_S_001.jpg,中3,社会,,8323233411200000 8323233412100000 8323233421000000,エネルギー 発電 電気 再生可能エネルギー 火力,PT0H10M0S,2019/2/15 1:25,,,http://www.wikidata.org/entity/Q11379,http://www.wikidata.org/entity/Q383973,http://www.wikidata.org/entity/Q12725,http://www.wikidata.org/entity/Q12705,http://www.wikidata.org/entity/Q53945320
D0005120499_00000,ばんぐみ,どうすれば平和な世界が作れる？,アクティブ１０　公民,戦争への不安、頻発する地域紛争やテロリズム…貧困や政権不安といった原因を押さえた上で、争いのない平和な世界を作るため、何ができるかを考える。,https://www2.nhk.or.jp/school/watch/bangumi/?das_id=D0005120499_00000,https://www.nhk.or.jp/das/image/D0005120/D0005120499_00000_S_001.jpg,中3,社会,,8323233411100000 8323233412100000 8323233421000000,平和 戦争 兵器 国際社会 ＮＧＯ,PT0H10M0S,2019/2/22 1:25,,,http://www.wikidata.org/entity/Q454,http://www.wikidata.org/entity/Q198,http://www.wikidata.org/entity/Q2717447,http://www.wikidata.org/entity/Q1774161,
D0005120500_00000,ばんぐみ,“世界の終わり”がやってくる！？,アクティブ１０　公民,2015年に国連が採択した持続可能な開発目標（SDGs）を紹介しながら、貧困、気候変動、経済格差など、世界や日本の持続可能性を妨げる問題について考える。,https://www2.nhk.or.jp/school/watch/bangumi/?das_id=D0005120500_00000,https://www.nhk.or.jp/das/image/D0005120/D0005120500_00000_S_001.jpg,中3,社会,,8323233411200000 8323233412100000 8323233421000000,持続可能な社会 ＳＤＧｓ 貧困 飢餓 気候変動,PT0H10M0S,2019/3/1 1:25,,,http://www.wikidata.org/entity/Q131201,http://www.wikidata.org/entity/Q7649586,http://www.wikidata.org/entity/Q10294,http://www.wikidata.org/entity/Q853930,http://www.wikidata.org/entity/Q125928
